,p0,p1,S29-SBC,S17-CSB,S18b-SBC,S03-BSC,S25-BCS,S17-BCS,S01-BCS,S24-SCB,S11-SBC,S01-BSC,S30-SCB,S12-CBS,S31-CSB,S23-SBC,S11b-SBC,S13-BCS,S05-BCS,S20-SCB,S14-CBS,S12-SCB,S04-SCB,S07-BSC,S07-BCS,S15-SBC,S19-BCS,S26-BSC,S08-CSB,S19-CBS,S16-CSB,S08-BSC,S18-SBC,S02-CSB,S16-BSC,S21-CBS,S27-CBS,S13-SCB,S28-CSB,S15-CBS,S03-CBS,S09-CBS,S21b-CBS,S06-CSB,S10-CSB,S33-CBS,S23-SCB,S20b-SCB,S22-CSB,S10-BCS
0,1.0,10.0,2.19,1.3,0.33,5.24,1.71,3.64,1.17,0.75,2.5,3.49,1.52,2.02,4.32,1.4,2.92,2.8,4.46,0.97,2.41,1.39,3.33,2.14,2.63,0.95,1.29,3.26,3.01,2.44,1.9,1.5,2.45,1.24,1.24,3.5,1.48,1.15,1.73,4.05,2.72,2.25,1.41,2.08,3.1,2.14,1.33,0.73,2.92,4.08
1,1.0,11.0,2.09,3.05,3.65,4.75,2.92,3.27,2.83,2.01,3.96,4.32,2.49,3.56,2.58,2.9,2.74,2.9,4.56,2.06,0.69,4.61,2.28,2.37,2.55,0.83,3.59,2.61,4.49,0.64,2.25,5.07,3.23,0.66,4.84,3.97,3.54,2.63,3.87,4.8,4.72,3.42,1.79,0.77,1.54,3.28,2.08,0.41,0.47,2.2
2,1.0,12.0,2.8,2.11,0.3,3.6,2.02,2.7,1.28,3.51,3.27,2.68,3.45,1.19,2.06,2.31,1.63,4.64,2.9,0.91,3.27,3.02,0.76,2.79,2.31,2.4,3.56,2.46,3.54,1.01,4.35,3.85,1.43,1.25,4.61,1.4,2.35,1.39,3.15,4.89,2.8,1.25,1.35,0.98,0.35,2.51,3.04,2.28,0.51,3.48
3,1.0,13.0,2.44,1.41,1.83,0.81,0.37,0.87,0.99,2.34,1.48,0.54,2.22,2.38,0.84,1.76,0.57,2.43,1.79,2.81,2.21,1.32,2.6,2.17,1.7,4.19,3.15,5.8,2.74,1.21,1.4,3.99,1.67,0.33,0.32,1.92,1.81,1.32,0.53,3.29,3.02,1.9,1.15,1.45,0.52,2.96,3.03,0.81,1.34,4.14
4,1.0,14.0,2.2,1.14,0.54,5.77,0.72,3.34,1.26,3.18,2.41,0.38,1.35,1.13,3.19,1.76,0.12,4.66,1.86,1.38,2.99,0.61,2.23,3.2,1.72,2.77,1.03,3.83,2.5,4.24,3.9,3.26,3.75,1.39,3.24,3.02,2.55,1.53,3.71,4.25,1.38,1.54,1.28,3.87,0.7,2.89,0.75,3.21,3.64,3.36
5,1.0,15.0,1.84,3.13,4.65,3.19,3.41,1.24,2.69,1.63,2.04,2.56,2.96,3.43,3.3,1.74,2.65,5.15,0.25,1.57,2.57,2.86,2.86,3.76,2.29,3.88,3.61,3.06,2.68,1.22,1.41,4.36,3.89,3.66,3.34,2.86,3.8,1.53,2.53,3.69,2.13,1.8,1.83,2.93,1.5,3.46,3.51,2.35,3.11,1.89
6,1.0,16.0,0.5,1.2,2.99,4.0,2.81,2.6,0.89,2.65,3.18,1.61,2.72,2.17,0.18,3.07,5.25,3.43,0.2,1.58,2.46,3.9,3.95,2.76,2.8,3.01,1.4,3.3,0.76,0.97,1.94,3.34,1.08,3.65,2.16,0.52,3.62,1.49,3.85,3.62,4.0,1.3,1.74,1.74,1.82,3.4,1.59,1.01,2.18,1.74
7,1.0,17.0,2.55,2.16,1.94,3.03,4.89,1.53,2.31,2.55,2.83,4.39,4.02,2.31,3.9,3.44,3.93,4.41,2.29,1.9,3.68,3.6,1.1,4.88,1.14,2.24,3.64,3.23,2.08,2.31,2.93,4.24,1.58,2.35,4.32,3.85,3.36,1.09,3.51,2.23,3.05,3.87,3.05,3.85,0.65,3.24,1.22,3.38,2.02,1.21
8,1.0,18.0,2.49,2.51,3.13,4.04,3.37,1.81,1.17,3.71,2.13,3.5,1.54,3.62,2.58,3.2,2.49,3.43,1.75,1.48,2.73,2.0,2.69,4.57,1.83,4.42,2.11,3.35,2.46,1.47,1.44,4.89,2.36,3.39,3.79,3.95,2.99,0.82,2.43,3.86,3.5,3.42,1.2,3.48,2.82,2.85,1.82,4.74,4.37,1.98
9,1.0,2.0,2.07,3.54,3.59,3.96,5.88,1.25,2.22,4.21,2.1,5.12,3.56,2.03,2.31,3.28,2.94,3.75,1.16,2.64,2.47,1.72,2.93,3.52,1.78,1.49,4.78,2.13,3.5,2.94,2.74,5.18,2.53,5.19,3.28,4.32,3.23,1.68,3.82,3.28,3.84,1.74,2.22,4.35,0.54,3.58,1.79,3.19,2.69,2.26
10,1.0,3.0,1.26,1.3,1.85,2.85,1.64,2.16,2.42,1.57,0.69,1.58,1.16,2.98,2.2,2.46,2.07,4.71,3.62,2.33,1.19,0.92,1.45,2.85,1.03,0.83,1.79,2.19,2.66,1.52,1.24,0.31,2.5,3.39,0.07,1.6,3.46,0.91,3.02,3.71,2.83,2.48,1.61,3.2,1.95,3.68,0.54,3.04,2.31,2.5
11,1.0,4.0,1.64,2.25,2.42,3.32,4.6,2.59,1.09,1.72,3.43,3.21,0.61,1.35,2.85,1.91,1.62,5.15,1.52,0.96,2.64,0.98,2.2,2.98,2.2,1.53,1.95,4.17,2.72,1.46,1.3,4.25,2.0,2.31,0.32,1.6,1.18,1.3,1.89,3.89,1.2,1.85,2.5,3.16,2.25,3.23,2.27,1.41,4.31,3.46
12,1.0,5.0,1.85,0.91,4.25,1.23,3.23,1.32,0.5,0.52,2.99,1.95,0.57,1.45,1.38,0.28,1.93,2.84,3.81,2.8,3.81,1.93,1.06,3.33,2.16,2.47,3.07,2.49,2.85,2.62,2.08,5.1,1.54,2.65,0.74,1.42,1.66,1.62,1.93,3.88,1.58,2.51,1.79,1.93,2.55,3.39,2.39,1.34,0.65,2.46
13,1.0,6.0,3.19,3.18,1.93,3.67,3.4,0.86,1.21,2.68,3.13,4.39,1.64,1.08,1.68,0.49,3.26,2.01,2.38,1.89,4.81,3.54,1.77,1.71,0.95,3.9,1.86,3.05,2.88,1.88,1.23,4.35,1.73,2.59,3.38,3.39,1.24,3.33,2.02,4.25,1.98,3.85,3.21,4.22,2.56,3.66,2.6,4.22,2.61,1.02
14,1.0,7.0,2.12,3.81,3.51,3.7,3.24,1.6,2.69,3.64,2.89,2.16,2.73,0.55,2.25,1.83,2.67,3.13,1.18,2.8,4.99,2.74,2.15,3.17,3.0,2.68,2.87,1.97,4.06,1.66,2.38,5.3,1.84,2.68,2.39,4.08,2.54,1.22,4.81,3.45,1.23,0.32,1.66,3.39,3.32,4.99,2.69,1.31,3.19,2.5
15,1.0,8.0,1.86,1.89,0.74,1.8,1.7,1.87,2.62,1.6,0.39,1.89,0.97,1.5,2.08,3.45,1.11,2.11,2.75,0.48,4.05,1.4,0.79,2.41,1.67,0.92,0.75,2.58,2.37,4.06,1.96,1.93,1.62,1.57,0.36,3.89,1.26,1.03,1.83,4.06,2.93,0.67,1.68,2.74,2.23,3.03,2.03,1.54,2.62,3.5
16,1.0,9.0,1.22,2.92,0.19,3.65,2.15,3.34,2.13,1.53,3.12,2.59,1.81,1.0,2.24,2.73,1.72,3.62,4.1,1.96,3.7,1.13,0.36,1.38,1.46,1.25,1.29,2.66,2.12,1.84,1.15,1.99,1.41,0.72,0.18,0.31,0.41,3.55,3.28,4.08,2.84,2.86,1.78,2.7,2.21,2.16,2.72,2.06,0.92,3.68
17,10.0,11.0,1.86,2.15,3.87,0.86,1.31,4.71,3.8,2.69,2.21,3.65,2.49,2.17,3.57,2.59,1.51,3.0,2.12,2.68,2.39,4.41,1.05,0.24,0.85,1.58,3.03,1.65,2.29,2.38,3.5,3.89,4.54,1.37,3.65,2.17,3.63,2.88,2.15,4.41,5.38,2.4,1.37,1.34,1.87,3.79,2.24,0.32,3.36,2.81
18,10.0,12.0,3.04,2.4,0.63,2.33,0.69,1.46,0.66,4.26,0.88,1.88,2.21,1.14,3.19,1.61,1.47,3.23,1.65,1.2,1.58,1.69,3.87,0.95,4.95,2.7,3.76,2.94,1.15,2.07,3.42,2.35,3.26,0.6,3.44,2.25,2.85,0.52,3.19,1.89,3.58,1.03,0.28,1.13,3.23,3.9,4.02,1.56,2.77,2.48
19,10.0,13.0,4.32,1.04,1.56,5.18,1.95,2.78,2.06,2.92,3.52,3.2,1.98,0.37,3.55,0.94,3.0,1.09,2.73,3.39,0.42,2.66,2.91,3.74,4.33,4.22,3.47,2.54,1.47,2.11,0.5,2.87,2.05,1.17,1.52,1.93,3.25,0.21,1.46,2.38,2.85,3.71,2.46,0.65,2.59,4.56,3.88,0.13,3.49,0.64
20,10.0,14.0,4.35,0.76,0.67,1.29,1.8,0.71,2.09,3.89,0.17,3.37,1.13,3.06,2.85,0.35,3.04,1.95,2.67,2.2,3.21,1.36,2.71,2.55,1.36,2.17,0.56,0.59,1.56,3.98,2.93,1.93,2.11,1.97,2.41,1.22,3.58,1.27,2.01,1.14,1.87,2.83,2.53,1.86,2.45,2.57,2.09,2.99,3.06,2.36
21,10.0,15.0,4.02,1.98,4.73,2.55,2.65,3.35,3.8,2.28,0.47,0.94,2.81,3.16,1.49,2.29,3.19,3.17,4.39,2.53,0.6,2.02,0.73,2.55,2.19,3.85,3.02,3.22,0.6,3.34,2.32,3.18,2.14,3.92,2.47,0.76,5.15,1.57,1.95,1.08,4.02,3.57,3.08,3.62,1.64,3.62,4.13,2.48,4.65,2.46
22,10.0,16.0,2.7,0.47,2.95,1.25,2.57,1.9,1.73,3.23,1.95,2.49,2.51,2.49,4.2,1.87,2.79,2.89,4.48,2.52,2.17,2.59,1.55,1.42,2.86,2.67,0.77,2.56,3.39,3.37,2.95,1.89,1.88,3.48,0.93,3.16,3.84,2.03,2.51,2.46,4.3,1.89,1.36,3.41,1.63,3.7,2.15,0.69,3.05,2.72
23,10.0,17.0,4.62,2.35,1.77,2.51,3.68,3.78,2.71,3.14,1.91,0.96,5.21,0.6,4.04,3.38,3.59,3.68,2.59,2.78,1.63,3.25,2.79,3.2,1.66,2.47,3.06,2.32,3.38,1.04,4.28,3.05,1.61,1.53,3.21,1.52,4.14,1.91,2.41,3.97,4.45,2.41,4.1,2.57,2.57,3.28,1.64,3.53,3.44,3.55
24,10.0,18.0,4.44,1.36,3.15,1.58,3.71,3.48,2.15,4.21,0.74,1.7,1.65,3.51,2.94,3.3,2.18,2.69,4.38,1.64,0.96,0.62,0.95,3.7,2.38,3.62,3.38,1.52,0.59,3.25,2.56,3.49,2.34,2.75,2.78,1.14,3.77,1.89,2.76,3.4,4.82,3.4,2.58,3.36,2.74,2.77,2.17,4.23,4.98,4.01
25,10.0,2.0,3.84,2.41,3.79,1.75,4.85,4.27,2.77,4.52,0.4,1.64,4.64,2.1,4.32,3.19,2.23,2.57,4.79,3.3,0.36,1.69,1.23,2.66,1.3,1.56,3.9,1.81,2.12,4.4,3.91,3.76,2.99,5.31,2.22,2.8,3.66,2.06,2.78,1.73,5.07,2.41,3.62,2.98,3.56,3.82,2.59,3.18,3.87,1.87
26,10.0,3.0,3.3,2.25,1.72,2.55,2.4,2.55,1.31,1.86,2.89,2.43,1.69,1.06,4.49,1.11,2.73,3.64,1.43,1.93,1.93,1.92,4.57,0.79,2.55,0.44,1.59,1.16,3.48,1.99,1.92,1.79,4.27,4.4,1.17,2.39,4.71,1.69,1.33,2.72,3.06,0.58,1.07,1.5,1.97,5.23,1.4,2.33,3.33,2.0
27,10.0,4.0,3.82,0.95,2.27,2.02,3.41,1.21,1.15,2.46,1.16,1.55,1.97,2.12,1.95,2.53,1.65,2.4,2.95,1.06,0.75,1.17,1.45,1.77,0.61,1.24,2.67,0.91,0.41,1.24,0.64,2.92,1.2,2.06,1.1,2.75,2.34,2.37,0.91,0.98,3.01,3.05,3.07,2.25,3.36,5.13,3.24,1.29,3.91,2.14
28,10.0,5.0,3.83,0.74,4.31,4.14,1.89,2.44,1.01,1.25,1.31,1.64,2.02,1.97,3.3,1.2,1.14,1.66,1.57,3.65,1.43,2.93,4.08,4.48,4.22,2.74,2.61,1.95,1.26,3.56,3.67,3.86,1.04,1.63,1.73,3.03,2.15,2.71,0.6,1.39,3.84,1.07,3.19,0.33,2.05,3.92,2.68,1.23,2.56,2.19
29,10.0,6.0,4.48,2.07,1.67,1.71,2.2,4.36,2.06,3.19,1.37,1.44,2.53,2.55,3.61,1.81,2.84,0.84,2.89,2.17,2.67,3.3,2.15,2.37,2.73,3.51,1.82,0.83,2.62,1.31,2.72,3.19,3.37,2.03,2.32,0.67,0.97,2.74,2.62,3.7,2.59,3.71,4.09,2.8,5.16,3.29,3.18,4.34,4.31,4.72
30,10.0,7.0,4.14,2.75,3.46,3.35,2.84,4.27,3.44,4.38,2.33,1.64,2.64,2.33,2.14,1.67,0.96,2.22,3.28,3.62,2.59,2.24,1.36,1.82,1.12,2.11,2.61,1.72,1.58,3.79,3.5,3.94,3.77,2.1,1.55,2.73,3.98,1.47,3.9,4.24,2.47,2.51,3.04,2.18,2.83,5.53,2.92,1.92,4.68,1.58
31,10.0,8.0,1.58,0.7,1.02,3.44,0.79,3.66,1.44,2.34,2.38,1.84,0.88,2.22,2.3,2.12,2.27,1.67,1.79,0.72,1.86,0.29,4.05,1.7,3.51,0.36,0.79,1.58,0.71,2.4,1.5,0.55,1.01,0.7,1.57,1.71,2.5,1.98,0.85,0.56,1.99,1.72,2.85,0.77,1.06,4.84,3.02,1.23,1.53,1.06
32,10.0,9.0,3.17,3.1,0.51,2.91,2.49,0.31,0.98,2.08,1.01,1.24,2.98,2.7,4.78,1.6,3.73,0.88,1.91,2.19,1.54,2.29,3.48,1.36,2.56,1.58,2.45,1.56,4.9,2.73,2.27,1.09,1.45,0.55,1.08,3.76,1.1,2.4,2.21,1.43,3.47,4.41,1.39,1.16,1.9,2.62,4.04,2.33,2.67,1.42
33,11.0,12.0,1.18,4.55,3.52,2.45,0.93,4.79,3.46,2.11,2.51,2.1,2.45,3.19,0.68,1.08,2.1,2.18,2.8,2.94,3.54,5.26,2.83,0.85,4.78,1.7,2.11,1.31,1.16,1.53,4.0,2.89,4.45,1.05,0.25,2.61,1.32,3.4,4.47,3.07,1.98,2.53,1.09,0.22,1.82,1.6,2.36,1.88,0.91,3.71
34,11.0,13.0,4.51,3.17,4.32,4.82,3.21,3.45,1.84,0.67,5.32,4.52,0.54,1.92,1.94,3.53,2.52,1.91,2.88,4.25,2.31,4.72,2.36,3.95,4.19,3.58,2.27,3.76,3.76,0.63,3.08,1.08,2.49,0.97,5.07,3.36,3.73,3.07,3.59,2.19,2.54,3.68,2.27,0.69,1.19,2.17,2.02,0.41,1.49,3.2
35,11.0,14.0,3.57,1.9,3.2,1.08,2.79,4.03,1.71,2.41,2.12,4.54,1.41,4.7,0.95,2.67,2.85,3.78,2.82,2.69,3.61,4.01,2.04,2.59,1.83,2.78,2.74,2.15,1.99,3.61,3.72,4.06,4.2,0.76,2.33,1.23,2.33,1.67,0.36,3.38,3.95,2.72,2.21,3.18,1.18,1.48,2.36,3.07,4.05,3.55
36,11.0,15.0,3.38,0.84,2.23,2.52,2.05,2.13,2.9,0.43,2.52,3.41,0.5,1.92,2.08,1.64,1.8,3.07,4.61,1.6,2.7,2.68,0.74,2.5,2.82,3.32,0.07,4.06,2.87,0.96,1.19,0.71,4.41,3.0,2.18,1.85,4.16,1.31,3.12,3.33,2.88,3.55,3.6,3.21,0.48,0.57,2.0,2.4,3.25,2.19
37,11.0,16.0,2.41,2.62,2.86,0.9,2.46,2.81,3.2,0.88,4.07,2.8,0.37,4.65,2.4,4.1,2.57,0.73,4.49,2.25,2.98,4.13,2.06,1.4,3.52,2.74,2.35,1.07,4.5,1.11,0.61,2.28,2.82,3.01,2.8,3.47,0.36,4.11,2.18,1.98,1.12,2.17,0.05,2.38,1.5,0.33,0.69,0.77,2.51,0.59
38,11.0,17.0,3.63,4.5,3.72,2.4,2.53,1.74,4.55,0.75,1.3,3.63,3.65,2.61,1.33,0.88,2.09,1.58,2.27,2.77,3.86,1.19,1.82,3.06,1.42,1.6,0.05,3.47,3.65,1.99,0.78,0.84,2.94,1.99,0.78,0.68,1.81,3.64,2.63,2.68,1.86,0.73,4.83,3.43,0.89,0.79,0.86,3.45,2.27,1.08
39,11.0,18.0,3.29,2.66,2.3,0.8,3.82,4.97,3.02,1.99,1.97,1.95,0.98,2.32,0.63,1.01,0.76,0.92,5.25,1.3,2.46,4.34,0.7,3.67,2.87,4.58,4.78,2.9,2.43,0.99,0.95,1.26,2.37,2.88,1.51,1.15,1.7,2.29,4.37,1.12,1.51,1.54,2.87,3.47,1.62,1.17,0.34,4.45,4.61,3.53
40,11.0,2.0,2.58,0.88,0.28,0.95,3.78,2.22,4.26,3.01,2.41,4.57,2.95,2.05,0.85,0.69,0.71,1.44,4.35,0.63,2.35,2.92,1.16,2.66,1.79,1.13,1.52,2.45,1.18,2.42,0.5,1.5,1.71,4.53,1.7,0.64,0.81,0.95,2.92,2.8,1.23,2.07,3.5,3.91,1.87,0.48,1.13,3.17,2.92,1.24
41,11.0,3.0,3.32,3.16,3.42,2.34,3.06,2.21,5.11,1.59,4.0,4.65,1.34,2.5,1.07,3.25,1.51,1.99,3.17,4.38,1.73,3.93,3.54,0.6,2.14,1.62,1.82,1.67,3.34,0.96,1.59,5.25,1.0,3.03,4.78,3.7,3.49,3.5,0.9,1.73,2.33,1.84,2.4,2.62,0.52,2.42,2.61,2.65,2.61,2.48
42,11.0,4.0,3.48,1.87,3.65,1.84,2.3,3.6,3.87,1.09,1.22,4.96,3.06,4.18,1.63,1.73,2.33,4.28,3.34,3.02,2.81,5.29,0.74,1.75,1.23,1.47,2.92,2.37,2.66,1.21,2.91,1.15,3.37,1.72,4.75,4.08,2.76,3.44,2.48,3.43,3.52,2.68,4.13,2.84,1.68,3.2,4.24,1.3,4.68,3.5
43,11.0,5.0,2.81,2.87,2.12,3.58,0.84,2.96,3.31,1.67,3.38,3.99,2.4,4.07,2.95,2.97,1.93,1.45,3.42,1.34,3.83,3.69,3.05,4.66,3.73,1.79,0.55,2.81,1.65,2.0,0.74,0.32,4.22,2.39,5.39,2.77,1.89,3.57,2.17,3.02,6.11,1.33,3.34,1.25,2.45,0.13,0.45,1.23,0.91,2.61
44,11.0,6.0,2.8,0.66,4.31,1.08,1.23,3.89,3.27,1.12,3.39,2.83,1.46,3.42,0.89,2.83,1.32,2.94,4.08,0.94,4.98,1.11,1.32,2.55,2.34,3.63,1.84,2.19,2.24,1.5,1.02,0.72,1.5,2.09,1.63,2.81,2.73,5.62,4.41,0.73,3.01,1.62,4.97,3.77,3.28,1.43,1.11,4.28,2.74,2.3
45,11.0,7.0,3.12,0.88,3.11,2.5,2.53,1.79,4.21,2.02,1.59,4.28,0.25,3.55,2.65,1.07,0.56,1.07,3.52,1.21,4.97,2.2,0.56,1.77,0.48,2.66,0.97,2.21,0.73,1.42,0.27,1.0,1.57,2.18,3.75,0.6,3.98,1.48,3.91,1.51,3.62,3.48,2.87,2.98,2.02,1.78,0.68,1.64,3.33,1.79
46,11.0,8.0,0.32,1.51,2.95,3.0,1.34,5.08,5.13,1.14,4.03,2.96,1.84,4.31,2.58,2.65,1.69,1.4,2.13,2.53,4.19,4.13,3.0,1.77,3.0,1.37,2.9,2.53,2.43,3.64,4.14,3.33,3.59,1.37,5.12,3.87,2.9,1.96,2.48,3.88,3.48,3.33,2.34,2.05,0.83,2.8,4.01,1.33,3.08,1.85
47,11.0,9.0,2.29,2.45,3.6,3.09,2.85,4.56,4.57,2.34,2.93,2.78,4.24,3.71,1.36,1.8,2.78,3.76,0.48,1.05,3.46,4.12,2.44,1.56,2.02,1.98,3.78,2.57,5.77,1.2,1.26,3.08,3.14,0.84,4.66,4.28,3.64,4.47,2.59,3.02,2.01,3.83,0.04,2.14,2.09,1.23,3.9,2.19,1.05,1.8
48,12.0,13.0,5.05,1.39,2.12,3.26,2.34,1.86,1.91,2.6,4.09,2.69,2.01,1.51,1.33,2.53,1.91,2.52,1.38,2.19,1.36,4.33,3.36,3.93,0.62,1.91,0.48,5.02,2.62,1.9,3.55,2.41,3.09,1.33,4.84,1.39,2.43,0.37,2.68,1.88,1.11,2.73,2.33,0.48,0.67,0.73,0.49,1.52,0.97,1.97
49,12.0,14.0,3.58,2.88,0.63,3.46,1.86,1.74,1.76,1.03,1.04,2.78,2.22,2.03,1.14,1.62,1.74,2.7,1.33,1.2,2.38,3.04,2.18,1.91,3.93,2.42,3.24,3.45,1.24,4.88,0.49,1.29,4.97,1.49,2.07,1.62,1.27,1.79,4.57,0.82,1.99,1.93,2.37,2.97,0.79,2.51,2.65,3.42,3.14,0.16
50,12.0,15.0,3.53,4.26,4.66,0.41,1.98,2.92,3.96,2.46,1.26,1.35,2.34,3.71,1.76,1.79,3.07,1.05,2.8,2.07,0.99,2.58,3.31,1.67,4.15,1.73,2.18,4.81,1.72,2.22,3.36,2.43,5.08,3.32,1.93,1.54,3.21,2.09,1.37,1.3,1.45,2.6,3.11,3.27,1.7,2.11,1.28,3.56,2.7,1.7
51,12.0,16.0,2.95,1.93,3.12,1.62,1.99,2.26,2.07,2.6,1.63,1.11,2.16,1.54,1.88,3.03,4.17,1.44,2.96,1.76,1.49,1.83,4.65,0.68,4.4,1.81,3.01,1.09,3.69,1.86,3.49,1.0,2.46,2.89,2.61,0.96,1.3,1.82,2.79,1.67,1.22,1.07,1.08,2.54,1.82,1.9,1.97,1.83,1.66,3.23
52,12.0,17.0,3.47,0.16,2.18,0.63,3.04,3.41,3.26,2.51,2.61,2.35,6.06,1.21,1.97,1.95,3.98,1.06,1.65,1.83,0.61,4.08,1.86,2.26,3.37,0.27,2.14,4.44,3.19,2.39,4.54,2.32,2.92,1.13,0.54,2.45,1.35,1.85,2.14,3.85,1.04,2.82,4.19,3.28,0.96,2.17,2.44,4.55,1.54,3.75
53,12.0,18.0,3.02,2.55,3.2,2.33,3.24,2.07,2.43,3.3,1.6,0.85,2.43,4.0,0.52,1.99,2.34,1.3,2.75,2.36,2.47,1.21,3.11,2.86,3.6,4.19,3.71,4.03,1.29,2.46,3.59,1.84,3.77,2.27,1.26,2.56,1.01,2.2,0.78,2.4,1.29,3.05,2.55,3.44,3.17,2.23,2.15,3.75,3.87,2.23
54,12.0,2.0,2.33,4.7,3.48,2.43,4.18,3.67,3.27,4.67,1.23,3.3,5.37,2.39,1.16,1.75,2.65,0.89,3.45,3.48,1.91,3.1,3.26,1.91,4.0,1.16,3.53,3.29,1.16,3.93,4.02,1.91,3.96,4.71,1.45,3.03,0.88,2.56,2.13,1.62,1.5,1.67,3.52,3.76,0.72,2.08,1.45,3.98,2.21,2.5
55,12.0,3.0,3.87,3.33,2.06,0.9,2.2,2.63,1.77,3.67,3.73,2.59,2.85,1.89,1.31,2.17,2.46,0.62,0.84,1.55,2.25,3.6,0.73,0.41,2.75,2.96,2.17,2.65,3.07,2.11,3.25,4.14,3.58,3.99,4.56,1.45,2.58,1.64,4.11,1.81,0.68,1.24,1.33,2.43,2.26,1.33,3.5,1.21,1.81,1.24
56,12.0,4.0,3.81,2.94,2.63,0.86,2.77,1.44,1.71,1.8,1.3,2.92,4.02,0.99,1.26,1.99,0.24,3.05,1.4,0.22,0.84,2.43,2.57,0.99,4.49,1.66,1.85,3.67,1.51,1.63,3.49,1.77,3.23,1.47,4.54,1.76,1.45,2.44,2.3,1.16,1.64,2.2,3.24,2.73,2.6,1.67,4.21,2.33,3.8,0.34
57,12.0,5.0,2.75,1.71,4.26,2.87,1.27,1.92,1.37,3.01,0.96,1.89,3.77,0.88,2.27,2.29,0.34,1.89,1.11,3.5,1.44,4.58,0.29,4.41,2.07,0.11,1.85,3.69,0.79,3.51,4.67,2.67,2.22,1.41,5.18,0.91,0.73,2.8,2.68,1.02,4.29,1.37,3.14,1.05,2.44,1.62,2.05,2.3,1.0,1.14
58,12.0,6.0,1.97,4.4,2.22,1.94,1.54,3.25,2.41,2.94,0.93,1.95,3.54,2.11,0.5,2.42,3.19,3.7,1.33,2.8,1.62,4.24,1.98,2.4,2.54,2.52,1.94,3.37,2.02,2.13,4.09,2.49,2.99,1.51,1.38,2.33,1.88,2.22,1.26,2.51,1.05,3.44,4.22,3.61,2.75,2.86,1.35,5.24,2.2,4.45
59,12.0,7.0,3.0,5.08,3.64,3.74,2.22,3.82,3.87,0.44,3.06,2.18,2.37,1.68,2.0,0.78,1.71,1.52,1.76,3.53,2.39,3.13,2.57,0.96,5.21,2.28,1.45,3.03,0.53,2.66,3.78,2.35,2.92,1.59,3.62,2.8,2.76,1.97,2.41,3.54,1.65,1.49,2.91,2.84,3.66,2.81,2.14,3.46,2.77,1.98
60,12.0,8.0,1.47,3.06,0.56,2.01,0.42,2.25,1.67,1.92,3.08,0.92,2.49,1.12,1.91,1.79,1.51,2.56,0.89,0.58,1.06,1.82,0.31,1.27,2.38,2.34,3.18,3.51,1.3,4.19,4.91,2.04,2.74,0.33,4.89,3.12,1.57,2.35,2.35,1.37,1.95,0.85,2.66,1.84,2.43,1.28,4.04,2.04,2.23,2.99
61,12.0,9.0,2.45,5.02,0.12,0.65,2.11,1.18,1.11,2.76,0.46,0.73,5.14,2.13,1.59,0.86,2.94,3.55,2.36,2.87,2.61,3.98,0.44,1.6,3.08,3.63,2.99,3.56,5.1,2.65,3.61,2.49,2.7,0.6,4.44,1.71,2.54,2.3,2.04,0.81,0.19,3.51,1.11,1.97,2.12,1.59,2.77,3.59,1.33,3.45
62,13.0,14.0,2.27,1.67,1.69,5.87,1.05,2.54,0.57,3.04,3.49,0.2,0.98,3.43,2.42,0.94,0.58,2.36,0.07,1.58,2.79,1.4,3.99,3.11,3.31,2.87,2.93,1.98,2.64,3.04,3.06,3.38,2.32,1.71,3.36,2.14,1.66,1.44,3.47,1.64,1.79,1.0,0.22,2.51,0.19,3.23,2.75,2.87,2.95,1.87
63,13.0,15.0,1.94,2.87,4.39,2.87,3.78,1.33,2.32,0.77,3.05,2.3,0.83,3.13,2.46,3.1,2.13,2.79,1.78,2.72,0.4,3.68,3.05,3.99,3.57,0.44,2.33,5.1,0.91,1.38,1.91,0.39,2.5,3.97,3.47,1.61,2.08,1.76,2.0,1.32,2.4,0.15,1.78,3.42,1.04,2.72,0.82,2.41,1.78,2.36
64,13.0,16.0,2.12,0.58,2.25,3.98,3.18,2.0,1.45,0.31,3.37,1.72,0.54,2.8,0.69,1.36,5.08,1.86,1.78,2.05,1.76,5.02,2.33,3.52,3.86,1.93,2.74,4.21,3.38,1.7,2.55,1.54,0.64,3.91,2.45,1.83,3.63,2.05,3.37,0.34,1.44,1.89,2.22,2.91,1.31,2.49,1.74,0.59,1.26,3.0
65,13.0,17.0,2.79,1.33,0.72,2.78,5.25,1.79,2.92,0.24,4.27,4.13,4.05,0.69,3.27,4.32,3.45,2.74,0.71,1.57,1.56,3.95,1.51,5.36,2.78,1.98,2.3,4.04,3.98,1.49,3.85,0.32,0.46,2.46,4.52,2.93,2.64,1.99,3.0,1.98,2.15,4.35,3.1,2.99,0.46,2.83,2.25,3.46,0.84,3.8
66,13.0,18.0,3.14,1.38,2.72,4.17,3.68,1.59,1.43,1.41,3.38,3.46,0.7,3.5,1.81,4.23,2.14,1.69,2.45,4.23,1.35,3.25,3.06,4.24,3.02,4.07,3.23,3.2,1.52,1.16,2.13,1.5,0.69,3.56,3.96,2.8,2.38,2.08,1.99,1.08,2.36,2.84,0.95,3.41,2.67,2.94,1.85,4.1,3.14,3.76
67,13.0,2.0,3.3,3.31,4.14,4.13,6.24,1.86,2.72,2.34,3.15,4.8,3.36,2.21,1.92,4.13,2.6,1.71,2.1,4.58,0.75,2.26,3.52,3.5,3.38,2.73,3.75,4.13,3.47,2.34,3.51,1.85,1.06,5.5,3.47,3.92,3.08,2.27,3.3,0.66,2.5,1.65,1.24,3.44,1.05,2.64,1.29,3.09,1.46,2.09
68,13.0,3.0,1.2,2.69,0.97,2.65,1.94,1.78,3.36,1.39,1.92,1.07,1.16,0.87,1.9,1.04,1.59,2.81,2.21,2.79,1.57,0.99,4.0,4.19,2.22,4.58,1.92,3.66,4.27,0.33,1.51,4.17,2.3,3.69,0.4,0.47,1.9,1.77,2.79,0.51,0.43,3.68,2.75,2.04,1.67,0.72,3.53,2.23,1.25,1.8
69,13.0,4.0,1.39,1.57,1.17,3.17,4.96,1.8,2.03,1.75,4.61,2.74,2.82,2.47,2.01,3.33,1.97,2.88,0.51,2.36,0.53,2.19,2.98,3.52,3.87,2.99,1.38,1.63,1.12,0.88,0.17,0.84,0.91,2.54,0.63,0.82,1.18,2.5,1.42,1.5,2.11,1.0,3.12,2.52,2.3,1.04,4.44,1.2,3.43,1.64
70,13.0,5.0,2.78,0.56,3.96,1.63,3.57,0.71,1.46,2.11,3.49,1.58,2.26,2.32,1.16,1.48,2.16,0.67,2.47,4.1,1.61,1.16,3.66,1.29,1.9,1.81,1.9,4.09,2.54,1.67,3.2,1.17,1.86,2.7,0.81,2.26,2.16,2.85,1.53,1.15,4.6,3.43,1.16,0.64,2.11,2.15,1.66,1.14,1.94,1.96
71,13.0,6.0,4.66,3.0,0.13,3.77,3.76,1.59,1.63,0.45,3.62,4.23,1.6,2.84,1.08,2.25,2.83,1.21,1.76,4.52,2.67,3.8,3.21,1.56,2.02,1.86,1.66,2.96,3.69,0.99,2.24,0.36,1.44,2.77,3.57,1.59,2.69,2.56,1.63,1.46,1.06,3.24,3.46,3.28,3.0,3.52,0.94,4.26,1.27,4.88
72,13.0,7.0,2.78,3.69,2.63,4.18,3.6,2.08,2.94,2.42,4.36,1.73,0.66,2.65,1.6,2.6,2.57,1.22,0.65,4.22,2.8,3.34,2.8,3.75,4.63,2.79,1.44,4.12,3.05,1.77,3.1,1.62,1.93,2.85,2.72,3.74,0.74,1.68,4.28,1.88,1.8,1.6,0.61,2.56,3.13,3.0,1.71,1.94,1.86,1.67
73,13.0,8.0,4.3,1.67,2.24,1.83,2.04,1.73,3.48,1.79,1.3,1.81,1.43,2.57,1.44,2.59,0.84,0.63,0.97,2.71,1.88,2.62,3.31,2.87,2.02,3.86,2.84,3.74,1.61,3.04,1.45,2.32,1.12,1.63,0.05,1.97,0.99,2.18,1.37,1.93,0.95,2.54,0.64,1.39,1.77,0.65,4.25,1.12,2.55,1.61
74,13.0,9.0,2.68,3.99,2.02,3.18,2.48,2.48,2.95,2.95,3.8,2.46,4.02,3.01,2.05,2.35,1.17,1.89,2.4,4.63,1.95,0.63,2.96,2.41,2.59,5.43,2.52,3.69,4.85,0.78,1.82,2.01,0.7,0.74,0.44,2.11,2.22,2.24,2.77,1.28,0.92,1.0,2.24,1.61,1.75,2.32,3.16,2.29,2.25,2.02
75,14.0,15.0,0.43,2.04,4.11,3.58,2.86,2.84,2.85,2.62,0.44,2.47,1.8,4.41,1.39,2.56,2.69,2.01,1.85,1.28,2.74,2.38,1.98,0.92,1.03,2.44,2.74,3.45,1.82,3.82,2.98,3.5,0.21,2.27,0.15,0.66,1.95,0.43,3.2,0.55,2.15,0.85,1.99,4.5,0.95,1.12,3.37,1.49,2.71,1.56
76,14.0,16.0,1.72,1.12,2.49,1.98,2.16,1.23,1.93,3.13,2.1,1.77,1.52,2.22,3.01,1.59,5.36,3.29,1.85,0.7,1.04,3.62,4.06,1.23,1.74,0.95,0.4,2.95,2.52,4.43,3.18,1.84,2.72,2.44,2.09,2.57,2.14,2.94,2.45,1.58,3.03,0.94,2.16,4.9,1.13,1.27,1.73,2.31,1.69,3.07
77,14.0,17.0,0.53,2.87,1.61,3.47,4.45,3.23,3.42,3.02,1.75,4.3,4.23,3.23,1.28,3.5,3.99,3.61,0.68,0.63,2.98,3.01,2.75,2.3,1.34,2.16,2.78,2.46,1.97,2.96,4.32,3.38,2.2,2.06,1.56,0.85,0.98,2.61,2.84,3.54,2.68,3.37,3.31,1.93,0.59,0.77,1.56,1.74,2.2,3.61
78,14.0,18.0,0.9,2.08,2.6,1.73,2.65,3.54,1.98,4.03,0.57,3.57,0.52,4.53,0.62,3.45,2.58,3.02,2.49,2.69,4.13,1.89,1.76,1.37,1.04,1.84,2.98,1.59,1.15,3.31,3.23,3.11,1.94,2.63,0.83,0.96,0.74,1.78,4.41,2.49,3.09,2.12,1.17,3.68,2.71,0.32,2.04,2.23,2.15,2.2
79,14.0,2.0,1.31,2.43,3.12,1.82,5.34,3.79,3.24,5.3,0.34,4.98,3.61,3.05,1.79,3.3,3.03,2.6,2.16,3.08,3.54,1.13,1.59,0.39,0.07,1.73,3.8,2.22,1.04,2.86,3.8,3.2,2.52,3.81,0.84,1.82,1.57,1.04,3.15,1.13,3.38,0.66,1.3,2.03,1.23,1.33,1.69,0.95,2.01,2.34
80,14.0,3.0,1.72,1.64,1.45,3.42,0.93,1.93,3.4,3.78,2.78,1.27,0.7,3.92,2.02,0.78,2.12,3.3,2.16,2.59,1.91,0.56,2.63,2.31,2.17,2.61,1.11,1.68,1.95,2.78,2.83,3.57,4.41,2.53,3.21,2.5,1.32,2.42,0.68,1.8,1.73,2.73,2.89,1.05,1.68,3.68,0.95,2.86,1.79,1.08
81,14.0,4.0,1.0,1.49,2.03,2.92,4.16,0.75,2.35,1.61,1.14,2.94,1.95,1.53,1.1,2.8,1.73,0.52,0.55,1.42,2.64,1.45,1.33,0.93,0.75,1.32,2.11,0.35,1.66,3.34,3.0,2.91,1.75,1.38,3.3,2.89,1.37,2.76,2.46,0.37,1.15,0.32,3.33,2.28,2.41,4.17,1.89,1.8,0.86,0.24
82,14.0,5.0,0.83,1.18,3.71,4.56,2.92,2.05,1.76,2.67,1.47,1.77,1.56,1.74,3.18,1.54,2.05,2.4,2.42,2.77,3.78,1.59,2.21,3.04,3.75,2.37,2.27,2.27,0.46,2.06,4.35,3.88,2.91,2.54,3.94,2.12,1.57,3.03,2.13,0.48,2.93,2.44,1.32,1.94,1.92,1.59,2.56,1.87,3.85,0.99
83,14.0,6.0,2.55,2.07,1.77,2.11,3.02,4.13,2.15,3.45,1.53,4.37,1.52,1.73,1.6,2.16,3.33,2.79,1.76,2.95,3.78,2.94,0.79,1.74,2.27,1.48,1.31,1.08,1.08,2.9,3.71,3.55,3.68,1.91,0.83,1.75,2.69,3.99,4.4,2.71,0.95,2.55,3.67,1.86,3.19,0.8,2.56,2.07,2.7,4.33
84,14.0,7.0,0.63,2.68,3.01,3.0,2.6,3.74,3.5,1.47,2.16,1.93,1.6,1.28,2.52,1.84,2.79,2.72,0.71,2.85,4.76,2.18,1.48,1.06,2.28,0.14,2.19,2.18,1.69,3.91,3.52,3.63,4.2,1.99,3.46,1.68,1.7,0.62,4.18,3.49,0.6,1.34,0.67,1.87,3.16,3.04,2.86,3.09,2.67,1.82
85,14.0,8.0,3.5,0.93,0.55,4.05,1.46,3.73,3.42,1.69,2.31,1.92,0.45,1.61,2.51,1.82,1.2,2.95,0.9,1.48,3.42,1.25,2.48,0.9,3.12,1.93,0.31,1.89,1.04,2.46,4.42,1.94,2.23,1.71,3.41,2.82,1.33,1.63,2.46,0.58,1.55,2.02,0.43,1.14,1.68,3.78,1.67,1.76,1.59,2.84
86,14.0,9.0,1.29,2.35,0.62,4.08,1.44,0.71,2.86,2.05,1.19,2.59,3.15,1.46,2.31,1.43,1.69,1.51,2.34,3.06,4.68,0.94,2.07,1.89,2.41,3.74,1.99,1.86,3.87,2.45,3.21,2.61,2.33,1.52,3.06,3.33,2.89,2.95,2.78,0.37,1.95,1.58,2.18,1.42,1.56,1.0,1.97,1.99,4.17,3.3
87,15.0,16.0,1.34,2.39,2.18,1.64,0.96,1.77,2.13,1.07,1.92,1.62,0.3,5.25,3.15,4.15,3.96,2.35,0.44,0.67,1.71,1.78,2.2,1.15,0.71,1.49,2.35,5.12,3.17,0.66,0.65,1.67,2.88,1.27,2.1,2.48,3.9,3.01,1.73,1.38,2.55,1.74,3.56,1.8,1.02,0.24,2.01,1.85,1.61,1.64
88,15.0,17.0,0.94,4.18,3.67,0.27,1.72,0.49,2.55,0.96,1.97,1.83,3.92,3.75,2.64,1.85,1.37,2.11,2.34,1.18,1.16,1.5,2.55,1.38,2.3,1.74,0.06,1.06,3.42,2.86,1.97,0.14,2.36,3.07,1.42,1.34,2.41,2.61,1.16,3.1,1.03,4.21,1.33,3.12,0.93,0.35,2.52,1.05,1.27,2.06
89,15.0,18.0,1.22,2.04,1.68,2.27,2.19,2.84,1.69,2.18,0.68,1.63,1.43,0.4,1.46,1.54,1.04,2.14,1.51,2.15,1.54,1.75,0.23,1.2,0.56,3.67,4.82,1.92,0.67,0.52,0.29,1.22,2.14,2.6,0.68,1.21,2.46,1.57,1.33,2.32,1.46,2.74,0.84,1.33,2.07,0.86,1.97,3.68,1.67,1.66
90,15.0,2.0,1.42,0.44,1.98,2.34,2.48,0.96,2.18,3.03,0.11,2.58,3.2,1.4,2.85,1.73,1.25,1.63,1.41,1.86,0.95,1.46,0.57,0.58,1.05,2.4,1.46,1.61,2.57,1.84,1.6,1.56,2.72,1.56,0.75,2.47,3.35,0.61,1.38,0.7,1.8,1.51,1.64,3.52,1.93,0.22,1.73,0.93,0.81,1.2
91,15.0,3.0,1.29,3.57,3.45,0.55,2.45,1.13,4.84,1.22,2.46,1.68,1.82,3.95,3.03,3.33,0.63,1.63,3.49,3.62,1.81,2.69,3.99,2.04,3.01,4.22,1.84,2.42,3.61,1.67,0.4,4.54,4.61,2.72,3.31,2.02,0.67,2.44,2.74,1.63,1.99,3.54,2.68,3.46,0.96,2.98,4.04,3.51,1.32,0.61
92,15.0,4.0,0.59,1.35,3.31,0.73,1.46,2.15,3.01,1.12,1.58,1.57,3.54,4.55,0.51,0.24,3.27,2.24,1.44,2.25,0.15,3.13,0.77,0.82,1.62,2.61,2.97,3.73,0.21,2.15,1.74,0.7,1.89,2.01,3.39,2.41,2.81,2.64,1.04,0.22,1.07,0.87,1.71,2.37,2.15,3.75,5.15,1.25,2.71,1.61
93,15.0,5.0,0.89,2.71,0.43,2.47,1.29,1.01,2.81,1.35,1.37,0.85,2.9,4.53,2.69,1.93,3.1,2.32,3.66,1.5,1.31,3.23,3.5,3.95,4.44,1.62,0.59,1.3,1.66,1.87,1.52,0.78,2.99,3.55,4.03,2.28,3.42,2.88,1.38,0.37,3.3,3.28,0.93,3.3,1.97,0.63,1.55,1.3,3.69,0.59
94,15.0,6.0,2.75,0.21,4.32,1.85,0.96,2.04,1.87,1.2,1.47,2.0,1.94,2.72,2.22,1.45,1.0,3.82,2.19,2.18,2.27,1.68,1.47,2.54,3.06,1.48,1.87,2.4,2.9,2.36,0.73,0.08,3.87,2.48,0.72,1.13,4.39,4.31,1.55,2.62,1.64,3.15,1.7,3.52,3.58,0.87,0.96,1.88,0.51,2.8
95,15.0,7.0,0.85,0.84,2.0,3.52,0.68,0.93,1.67,2.41,2.33,1.0,0.24,3.13,1.65,1.01,2.28,2.17,1.14,1.57,2.49,0.67,0.74,0.73,3.24,2.35,1.02,1.85,2.18,0.46,1.19,1.26,4.39,2.49,3.46,2.34,1.4,0.35,2.28,3.2,1.56,1.5,1.63,2.83,2.44,1.93,1.45,1.75,0.1,0.98
96,15.0,8.0,3.29,1.28,4.16,1.61,1.96,2.96,5.19,1.12,1.9,0.95,2.25,4.7,1.73,3.53,1.7,3.05,2.73,1.98,1.49,1.77,3.53,1.35,3.89,3.49,2.91,1.65,0.79,4.37,3.1,2.63,2.35,3.36,3.52,2.18,2.64,1.35,1.1,0.61,2.98,2.43,2.34,3.71,0.73,3.35,4.96,1.52,3.29,2.29
97,15.0,9.0,1.11,3.22,4.69,0.8,1.88,3.1,4.77,2.19,1.25,0.63,4.73,3.03,3.33,2.6,1.56,3.22,4.14,2.3,1.93,3.08,2.96,2.38,3.32,5.12,3.81,1.66,4.68,1.44,0.29,2.37,2.48,3.63,3.16,3.15,4.21,3.38,0.96,0.52,1.62,1.06,3.58,3.13,1.61,1.3,3.98,0.52,4.01,2.66
98,16.0,17.0,2.09,1.88,1.54,1.5,2.68,2.09,1.49,0.12,3.84,3.2,3.99,2.21,3.72,4.97,3.27,0.99,2.23,0.52,2.1,3.08,3.04,2.11,2.97,1.61,2.39,4.53,1.5,3.09,1.37,1.54,0.52,2.25,2.46,3.38,1.51,0.56,0.65,2.21,1.73,2.71,4.79,4.16,1.56,0.52,0.52,2.89,0.56,0.84
99,16.0,18.0,2.09,1.31,0.61,0.77,1.38,3.43,0.44,1.12,2.58,1.96,1.18,5.52,2.4,4.98,3.14,0.26,1.95,2.57,3.1,1.99,2.38,2.28,0.97,2.44,3.23,3.93,2.8,1.16,0.5,1.61,1.32,1.42,2.19,3.52,1.46,1.97,3.02,0.94,1.63,2.17,2.82,2.91,3.07,0.98,0.34,3.73,2.28,2.94
100,16.0,2.0,1.77,2.83,2.6,0.92,3.31,2.73,1.35,2.18,1.99,4.09,3.28,3.89,2.15,4.77,2.75,0.76,0.96,2.54,2.51,3.06,2.76,1.26,1.75,1.61,3.4,3.51,3.41,2.47,0.96,1.86,1.65,1.97,1.6,3.81,0.57,3.16,0.78,0.82,1.57,0.6,3.45,4.64,2.36,0.19,0.55,2.5,0.83,0.91
101,16.0,3.0,0.93,2.36,1.37,1.45,1.57,0.72,2.71,1.65,3.82,1.99,1.6,2.75,2.05,0.86,3.94,1.31,3.7,3.24,1.27,4.09,5.37,1.09,3.63,3.1,0.83,2.74,2.11,2.03,1.04,3.6,2.41,3.8,2.1,1.62,3.23,0.62,2.36,0.25,1.31,1.8,2.39,3.98,1.97,2.75,2.14,2.24,0.29,1.99
102,16.0,4.0,1.16,1.2,1.13,0.95,2.42,0.85,0.9,1.97,2.87,2.96,3.3,0.82,2.69,4.39,4.38,3.76,1.56,1.97,1.61,3.71,2.74,0.35,2.3,1.5,2.1,3.09,3.16,2.28,2.39,1.16,1.03,1.43,2.01,1.74,2.75,1.24,1.97,1.52,2.86,1.16,4.1,3.34,3.15,3.53,3.63,0.61,2.2,3.05
103,16.0,5.0,1.46,0.37,1.75,2.89,1.92,1.31,0.73,2.41,0.69,1.61,2.69,0.74,1.37,2.81,3.88,1.23,3.9,2.11,2.8,4.84,4.91,3.85,4.95,1.73,1.89,3.87,2.94,2.51,1.18,2.15,1.39,2.64,2.62,0.92,1.96,1.52,2.0,1.13,5.51,1.56,3.29,3.14,0.95,0.39,0.83,0.56,2.58,2.1
104,16.0,6.0,3.01,2.5,2.17,0.58,1.71,3.46,0.34,0.35,0.7,2.99,1.82,3.25,1.5,3.54,3.01,3.03,2.52,2.71,3.05,3.34,3.37,1.96,3.65,0.9,1.07,3.21,2.6,2.61,0.85,1.71,1.5,1.6,1.7,3.14,2.92,2.61,3.28,1.25,2.1,2.59,4.93,4.58,4.29,1.11,1.05,3.68,1.32,2.06
105,16.0,7.0,1.7,3.19,0.52,2.51,0.45,2.61,1.81,2.37,4.23,1.95,0.22,2.71,2.16,3.41,2.59,0.67,1.2,2.21,3.86,2.45,2.59,0.43,3.92,0.86,1.85,3.27,4.19,0.92,0.55,2.09,1.89,1.57,1.37,3.57,3.82,2.71,1.74,1.92,2.81,1.31,2.82,3.74,3.4,1.82,1.13,1.74,1.63,1.42
106,16.0,8.0,2.22,1.14,2.78,2.21,1.78,3.6,3.07,2.02,2.84,0.67,1.97,0.68,1.99,2.16,4.24,1.55,2.75,1.86,2.55,2.5,4.75,0.68,4.46,2.35,0.65,3.6,2.7,4.74,3.72,1.42,0.88,2.81,2.49,3.77,2.86,2.3,2.03,1.97,2.36,1.46,2.29,3.84,1.37,3.13,3.4,0.56,1.7,1.9
107,16.0,9.0,0.91,3.46,3.1,2.27,0.95,1.76,2.69,3.21,1.17,1.29,4.5,3.14,2.11,2.46,5.27,3.53,4.03,2.82,3.64,4.49,4.22,1.41,3.96,4.15,2.19,3.64,1.51,1.99,0.81,1.64,0.47,3.37,2.01,0.82,3.76,4.05,0.78,1.21,1.16,2.51,0.03,3.51,0.59,1.26,3.21,1.79,2.92,1.99
108,17.0,18.0,0.5,2.43,2.0,2.07,3.76,3.25,1.53,1.24,1.29,1.8,3.79,4.11,1.62,0.4,1.64,1.07,3.16,3.04,2.37,3.15,2.45,1.92,2.07,3.95,4.83,0.88,2.83,2.63,1.73,1.2,0.99,1.23,0.74,0.48,0.38,1.43,2.4,1.95,0.45,2.24,2.16,1.99,2.24,0.51,0.62,3.9,2.35,2.92
109,17.0,2.0,1.13,4.62,3.52,2.13,1.28,0.75,0.37,2.3,1.88,0.98,0.71,2.7,1.8,0.2,1.39,1.13,2.26,3.04,1.9,1.88,2.83,1.94,1.36,0.92,1.47,1.2,2.47,3.56,0.52,1.55,1.49,4.21,1.05,1.3,1.01,2.69,0.37,2.41,0.79,2.71,2.72,0.5,1.01,0.57,0.99,0.78,0.67,1.71
110,17.0,3.0,2.23,3.41,0.3,0.28,4.16,1.39,3.11,1.62,2.76,3.39,3.55,0.69,2.01,4.11,1.87,0.53,2.47,3.18,2.75,3.05,2.53,2.47,0.93,2.75,1.86,1.81,0.62,1.24,2.37,4.43,2.69,4.51,4.27,3.33,1.74,0.22,2.61,2.15,1.73,1.83,3.42,1.17,1.3,3.17,1.75,4.33,0.42,2.56
111,17.0,4.0,1.52,2.86,0.53,0.55,0.29,2.57,1.56,1.84,1.62,2.35,4.11,2.03,2.38,1.82,4.2,4.01,1.22,2.05,1.05,4.18,2.11,1.94,1.4,1.4,2.97,2.72,3.33,0.85,3.69,0.62,0.54,1.08,4.28,3.71,2.21,0.74,1.68,3.31,1.87,3.36,1.54,0.82,1.84,3.84,3.4,2.29,2.61,3.63
112,17.0,5.0,0.83,1.7,3.24,2.24,1.79,1.49,1.95,2.3,3.22,2.6,3.47,1.85,4.23,3.56,3.9,2.07,2.75,2.54,0.94,3.09,2.16,5.32,2.6,0.28,0.6,0.79,2.42,2.63,0.97,0.88,1.44,0.52,4.93,2.83,1.99,1.07,1.83,3.06,4.32,1.46,2.11,2.38,2.44,0.89,1.19,2.34,2.53,2.61
113,17.0,6.0,2.18,4.32,0.66,1.64,1.51,2.22,1.3,0.43,3.28,0.87,2.71,3.01,2.22,3.26,0.79,3.94,2.39,3.21,1.13,0.3,2.04,3.87,1.09,2.36,1.89,1.49,1.44,0.5,1.7,0.17,1.8,0.65,0.97,2.17,3.19,3.06,2.69,2.26,1.86,2.26,0.59,0.42,2.74,0.69,1.56,0.86,0.87,1.24
114,17.0,7.0,0.51,5.01,1.94,3.25,2.33,0.52,1.12,2.3,0.46,2.6,3.79,2.71,3.74,1.74,2.64,1.52,1.29,2.66,1.78,1.02,1.98,1.73,1.87,2.03,1.01,1.45,3.57,3.26,0.85,1.3,2.26,0.69,3.61,1.27,2.59,2.29,1.51,1.23,2.17,3.97,2.89,0.46,2.72,2.28,1.48,2.57,1.32,2.16
115,17.0,8.0,3.62,3.0,2.12,1.38,3.24,3.35,3.65,1.9,2.98,2.61,4.33,2.11,3.71,3.5,2.88,2.52,0.87,2.07,0.46,2.96,1.85,2.59,1.91,2.11,2.94,0.94,2.7,1.8,4.87,2.5,0.66,0.85,4.57,3.22,2.21,1.77,1.75,3.68,2.98,3.67,3.64,1.96,1.62,3.44,3.17,2.52,2.2,2.74
116,17.0,9.0,1.46,5.05,2.11,1.07,3.6,3.55,3.47,3.09,2.89,1.91,4.64,3.12,2.22,2.67,2.91,4.2,1.8,3.33,2.28,3.33,1.45,3.52,1.08,3.48,3.83,0.9,2.22,1.89,2.03,2.25,0.27,1.73,4.14,4.16,3.64,4.15,0.23,3.22,1.23,4.55,4.82,1.41,2.07,1.08,3.29,1.35,2.86,2.8
117,18.0,2.0,0.71,2.44,2.03,0.17,4.02,3.06,1.29,1.42,0.6,2.78,3.14,1.63,1.41,0.43,0.46,0.52,2.91,1.91,0.6,1.91,0.47,1.09,1.09,3.57,6.22,1.23,1.95,1.47,1.4,0.36,0.68,3.34,0.59,1.76,0.9,1.39,2.5,1.72,0.34,1.68,1.25,2.31,2.89,1.07,0.82,3.14,1.69,2.81
118,18.0,3.0,2.43,3.6,1.77,1.93,1.74,3.34,3.15,2.45,2.38,3.19,0.48,4.33,1.61,4.11,0.8,1.28,3.12,3.54,2.63,2.44,3.78,3.24,2.66,4.03,3.12,1.41,2.97,1.38,0.66,5.13,2.47,4.72,3.75,3.23,1.79,1.36,3.86,0.69,1.96,2.95,2.48,2.66,1.11,3.37,2.36,2.62,2.08,2.01
119,18.0,4.0,1.8,0.81,1.67,1.54,3.54,2.93,1.32,3.06,1.31,3.09,2.13,4.79,1.0,1.48,2.57,3.5,1.95,2.35,1.69,1.72,0.55,1.93,1.77,3.11,1.94,1.84,0.52,2.01,1.96,0.73,1.15,1.26,3.79,3.61,1.86,1.15,1.97,2.45,2.32,1.92,2.25,1.41,1.09,3.89,3.93,3.49,1.63,2.4
120,18.0,5.0,0.64,1.65,1.24,2.84,3.29,2.26,1.14,3.51,1.99,2.39,1.57,4.79,2.64,3.35,2.28,1.03,3.18,2.58,1.81,3.39,3.29,3.82,3.98,4.13,4.23,1.0,1.02,1.36,1.23,0.96,2.41,1.41,4.45,3.07,1.62,1.33,2.34,2.06,4.76,2.42,0.63,3.05,4.0,1.29,0.57,3.55,4.84,1.82
121,18.0,6.0,1.69,2.23,2.65,0.45,3.06,1.75,0.27,1.03,2.07,1.2,1.12,2.82,1.01,2.98,0.86,2.88,1.54,0.53,3.24,3.26,1.24,3.05,2.68,2.21,2.99,0.73,2.23,2.13,0.5,1.29,1.75,0.8,0.49,1.82,2.81,4.12,0.48,0.42,2.23,0.44,2.5,2.34,3.33,0.82,1.03,3.98,2.06,2.97
122,18.0,7.0,0.41,2.87,0.83,1.82,1.5,3.4,1.56,2.96,1.66,2.62,1.2,3.27,2.14,1.63,1.24,0.46,1.91,2.48,2.73,2.14,0.55,1.9,3.32,1.97,3.84,1.38,1.81,0.69,1.0,0.51,2.28,0.71,3.49,1.75,2.43,1.22,3.04,1.18,2.6,3.34,0.95,1.83,0.52,2.79,0.87,5.06,1.57,2.63
123,18.0,8.0,3.31,1.39,2.78,2.34,2.94,0.19,3.5,3.12,2.12,1.65,0.88,4.95,2.1,3.66,1.38,1.46,3.13,1.81,2.47,0.64,3.33,2.23,3.48,3.51,2.67,0.77,0.13,4.0,3.24,2.98,1.58,2.05,4.01,2.83,1.87,0.34,2.0,2.91,3.24,3.63,1.54,3.17,1.88,3.5,3.7,3.24,3.45,3.95
124,18.0,9.0,1.29,4.31,3.21,2.97,1.28,3.18,3.11,4.33,1.75,1.09,3.33,3.12,1.9,2.79,2.13,3.3,4.77,0.55,1.0,2.83,2.77,3.25,3.01,5.16,1.05,0.69,4.31,0.98,0.32,3.01,1.26,2.86,3.61,4.26,3.27,4.27,2.24,2.11,1.46,2.64,2.84,2.5,3.65,0.8,3.55,4.14,5.18,4.31
125,2.0,3.0,2.36,3.89,3.23,1.98,4.88,2.07,3.32,2.67,2.51,3.93,2.95,3.09,0.23,3.91,1.2,1.1,4.26,4.97,2.15,1.27,3.89,2.31,2.21,1.87,3.13,0.82,2.18,2.41,2.0,5.42,1.94,3.92,3.24,4.24,2.68,2.55,2.96,1.07,2.13,2.21,3.69,1.5,2.19,2.86,2.31,3.64,0.54,1.29
126,2.0,4.0,1.91,1.78,3.43,1.61,1.48,3.08,1.63,4.09,1.48,2.53,3.74,3.16,2.37,1.73,2.88,3.05,2.1,3.58,1.1,2.38,0.75,0.92,0.69,0.56,4.42,2.56,2.37,3.2,3.34,1.09,1.79,3.28,3.26,4.61,2.27,2.54,2.02,0.9,2.66,0.71,3.34,1.3,2.13,3.68,3.55,1.89,2.2,2.27
127,2.0,5.0,0.53,3.15,1.85,2.75,2.99,1.84,1.91,4.19,1.42,3.22,3.03,3.16,3.07,3.39,2.54,1.05,4.5,0.99,1.54,1.79,3.41,3.38,3.8,1.19,2.02,0.42,0.94,1.03,1.08,1.18,2.93,4.61,3.91,3.02,1.61,2.71,2.2,0.66,5.1,1.85,0.73,2.82,3.09,0.5,1.06,1.96,3.2,1.46
128,2.0,6.0,1.36,0.36,4.13,0.5,2.65,1.69,1.09,1.89,1.51,1.74,2.11,1.47,0.93,3.11,0.61,2.92,3.31,1.48,2.88,1.83,1.29,2.12,2.31,2.5,3.23,1.17,1.07,3.12,1.51,1.63,1.41,3.56,0.1,3.44,2.7,4.76,2.84,2.07,2.5,2.11,3.23,0.19,2.04,1.05,0.87,1.26,0.69,2.85
129,2.0,7.0,0.69,0.44,2.83,1.65,2.88,0.43,0.8,4.35,2.25,3.13,3.08,1.78,3.09,1.55,1.27,0.63,1.75,0.82,2.63,1.09,0.85,0.97,2.23,1.6,2.48,0.26,1.27,1.59,0.41,0.56,1.91,3.54,2.91,0.25,3.25,0.59,1.14,2.52,2.92,1.66,0.63,0.96,3.41,1.72,1.32,2.68,0.81,0.54
130,2.0,8.0,2.62,1.71,2.92,2.3,4.31,3.12,3.83,4.13,1.98,3.46,3.76,3.32,2.98,3.32,1.83,1.68,3.0,3.11,2.08,1.42,3.51,1.14,3.16,1.2,4.03,0.46,1.88,4.44,4.62,3.26,2.15,4.69,3.53,4.51,2.36,1.09,2.09,1.31,3.42,2.03,1.33,2.32,2.63,3.28,3.33,2.03,2.48,1.26
131,2.0,9.0,0.86,3.33,3.56,3.07,4.26,4.01,3.6,5.21,1.25,2.8,4.43,1.78,0.52,2.49,2.54,3.07,3.94,1.57,1.3,1.63,2.96,2.18,2.44,2.72,5.19,0.54,4.61,1.68,1.71,3.33,1.75,5.1,3.1,4.63,3.42,3.99,0.57,0.85,1.65,2.07,3.47,1.83,2.75,1.43,2.84,1.43,3.53,1.53
132,3.0,4.0,0.75,3.12,0.57,0.53,3.88,1.39,1.85,2.19,3.68,1.69,1.72,2.68,2.54,3.57,2.64,3.66,2.17,1.4,1.82,1.88,3.23,1.4,2.33,1.63,1.56,2.03,3.49,0.81,1.35,4.47,3.2,3.58,0.26,0.39,2.37,0.87,1.89,1.76,1.81,2.9,2.16,1.26,1.4,1.21,1.89,2.48,2.19,1.07
133,3.0,5.0,1.9,2.15,3.01,2.0,2.92,1.08,2.09,1.68,3.58,0.84,1.1,2.49,3.06,2.22,2.51,2.14,0.29,5.05,3.12,1.05,0.49,4.74,1.68,3.02,1.28,1.14,2.36,1.62,1.87,5.3,3.74,5.02,0.75,2.23,2.85,1.21,1.53,1.37,4.39,0.54,3.1,1.41,2.9,2.37,2.93,2.49,2.76,0.21
134,3.0,6.0,3.7,3.54,0.92,1.49,2.89,3.02,2.98,1.49,3.71,3.68,0.84,3.61,1.0,2.9,1.27,4.02,1.58,4.05,3.86,2.93,2.6,2.68,0.21,3.94,0.27,0.89,1.11,0.75,0.98,4.53,0.91,4.19,3.33,2.05,3.89,2.97,3.81,1.0,0.85,3.22,3.29,1.32,3.3,3.84,3.14,4.88,1.06,3.39
135,3.0,7.0,2.02,4.04,1.81,3.01,2.01,1.9,4.1,3.6,2.71,0.8,1.59,3.35,3.16,2.55,1.88,1.65,2.54,5.07,4.3,2.37,3.25,1.36,2.51,2.55,1.1,0.63,3.38,2.04,1.59,5.52,0.67,4.25,2.32,4.04,1.39,2.13,4.07,1.73,1.6,2.7,3.21,0.93,1.5,2.78,3.23,3.97,1.34,0.83
136,3.0,8.0,3.11,2.57,1.93,1.14,1.79,3.49,0.61,2.15,1.08,1.69,0.82,2.74,3.04,1.62,1.07,2.71,1.64,1.85,3.17,1.8,0.69,1.64,0.98,0.75,1.16,0.87,2.85,2.72,2.75,2.19,3.27,4.24,0.43,2.33,2.23,1.68,1.87,2.22,1.29,2.06,3.29,0.81,0.94,0.97,1.66,2.12,1.98,2.08
137,3.0,9.0,1.61,1.99,2.0,1.34,0.65,2.38,0.85,2.84,3.64,2.09,2.9,3.75,0.3,1.67,1.34,4.06,2.8,4.09,3.45,0.41,1.16,1.79,0.43,1.14,2.07,0.92,2.76,0.74,0.44,2.18,2.82,3.87,0.15,1.74,3.85,3.94,2.5,1.43,0.5,4.27,2.42,0.5,2.55,2.86,2.74,3.71,3.1,2.5
138,4.0,5.0,1.39,1.56,2.88,2.36,1.53,1.3,0.59,1.21,2.19,1.4,0.77,0.22,2.39,2.12,0.51,2.92,2.4,3.65,1.31,2.9,2.75,3.74,4.0,1.68,2.4,2.59,1.46,2.43,3.04,0.99,1.39,1.59,0.66,2.46,1.0,0.35,0.38,0.41,2.65,2.56,2.61,1.99,4.1,3.19,4.46,0.07,4.59,1.03
139,4.0,6.0,3.27,1.51,1.07,1.12,1.23,3.38,1.13,2.21,2.19,2.99,2.03,2.43,1.71,1.58,3.42,3.24,1.37,2.81,2.18,4.18,0.71,1.98,2.48,2.38,1.33,1.4,2.74,0.5,2.09,0.77,2.33,0.61,3.36,2.36,1.59,3.8,1.94,2.73,1.07,2.34,1.2,1.24,2.24,4.52,4.41,3.07,2.86,4.4
140,4.0,7.0,1.42,2.19,1.46,2.88,2.09,3.07,2.34,1.95,2.07,1.09,3.3,1.89,1.51,1.21,1.95,3.22,0.37,3.67,2.48,3.22,0.18,0.22,1.62,1.2,1.96,2.52,1.97,2.58,2.94,1.05,2.8,0.68,2.1,4.41,1.78,2.3,3.11,3.38,0.57,1.65,3.2,0.46,1.56,3.94,4.76,1.63,2.65,1.73
141,4.0,8.0,3.33,0.63,2.49,1.55,2.95,3.11,2.28,0.13,3.39,2.35,1.56,0.16,1.54,3.75,1.66,3.47,1.31,0.54,1.41,1.38,2.81,0.67,3.31,0.89,1.9,2.22,0.64,2.63,1.57,2.38,0.55,1.42,0.65,2.51,0.2,1.48,0.07,0.45,2.36,2.33,3.75,1.86,2.33,0.4,0.24,0.36,2.45,2.67
142,4.0,9.0,1.37,3.56,2.57,1.47,3.33,0.99,1.98,1.35,1.72,2.2,1.21,2.32,2.84,2.81,3.04,1.82,2.86,2.87,2.04,2.1,2.25,1.6,2.44,2.65,1.14,2.18,4.68,1.55,1.66,2.32,0.59,1.95,0.36,1.67,1.53,4.73,1.46,0.47,1.71,1.37,4.13,1.19,3.73,3.21,2.01,1.28,4.92,3.14
143,5.0,6.0,1.88,2.81,3.89,2.5,0.39,2.17,1.07,2.5,0.14,2.85,1.26,2.53,2.18,0.77,3.11,1.89,1.65,2.28,1.46,2.89,2.12,2.12,1.52,2.42,1.29,1.19,1.39,2.24,0.95,0.82,2.84,1.08,4.01,3.2,1.19,4.11,2.29,2.32,3.56,2.68,2.57,2.65,5.1,1.5,0.72,3.13,3.2,3.38
144,5.0,7.0,0.32,3.49,1.62,2.55,1.87,1.92,2.5,3.15,3.63,0.34,2.66,1.99,1.16,1.89,1.49,0.57,2.76,0.18,1.19,2.73,2.76,3.94,4.04,2.24,0.48,0.67,1.25,1.87,1.01,0.68,3.15,1.09,2.45,2.77,2.66,2.53,3.32,3.02,2.8,2.67,0.78,1.97,4.3,1.66,0.3,1.59,3.77,1.03
145,5.0,8.0,2.79,1.44,3.78,0.86,1.54,2.42,2.38,1.09,2.71,1.09,1.31,0.26,1.02,3.29,1.66,0.73,1.93,3.27,0.76,2.77,0.46,3.17,0.73,2.38,2.4,0.38,0.95,3.41,4.04,3.31,0.85,1.08,0.79,4.03,1.19,1.63,0.34,0.86,4.47,2.22,1.57,0.81,2.2,2.79,4.23,0.38,2.6,2.28
146,5.0,9.0,0.66,3.45,4.29,3.13,2.55,2.17,1.97,1.18,0.5,1.3,1.86,2.44,3.21,2.63,3.13,2.34,3.06,2.39,1.42,0.82,0.72,3.13,1.71,3.71,3.23,0.41,4.32,0.89,1.44,3.12,1.17,1.97,0.9,1.7,1.82,5.08,1.63,0.21,4.36,3.92,3.32,0.99,0.37,1.35,3.9,1.29,0.34,2.71
147,6.0,7.0,1.93,0.69,2.53,1.95,1.59,2.12,1.48,2.71,3.69,2.95,1.71,0.56,2.17,1.81,1.88,2.43,1.64,2.16,1.39,1.12,0.81,2.2,2.72,1.47,1.01,1.18,2.29,2.76,1.18,1.32,0.52,0.09,3.0,3.36,3.35,4.17,3.47,1.31,0.76,3.77,3.32,0.86,3.79,2.58,0.79,3.42,0.59,3.22
148,6.0,8.0,2.98,1.38,2.32,1.94,1.73,1.73,3.37,2.25,2.85,2.51,1.65,2.58,2.05,3.75,2.17,1.54,1.99,2.27,0.81,3.02,2.25,1.31,0.86,3.21,1.3,0.82,2.11,2.18,3.16,2.63,2.36,1.32,3.62,1.07,1.78,4.36,1.95,3.18,1.36,4.04,4.03,2.14,4.1,4.12,4.2,3.26,3.02,3.97
149,6.0,9.0,2.12,3.08,2.12,2.58,2.45,4.05,3.01,3.39,0.47,1.79,3.08,0.31,1.24,2.97,2.51,1.61,3.61,0.13,2.84,3.18,1.72,1.02,0.59,5.02,1.96,0.78,3.64,1.44,0.54,2.36,1.91,2.09,3.2,3.62,1.09,2.88,2.51,2.35,1.0,2.96,4.97,1.67,4.75,1.61,3.54,2.2,3.51,4.04
150,7.0,8.0,3.1,2.06,3.3,2.64,2.07,3.48,4.59,2.08,3.09,1.42,2.04,2.03,0.17,2.53,1.74,1.07,1.59,3.27,1.35,1.95,2.79,0.89,3.31,1.86,2.26,0.63,1.83,4.69,4.24,3.41,2.77,1.4,2.75,4.43,1.58,1.03,3.18,3.82,1.87,0.99,0.8,1.65,2.12,3.6,4.53,1.96,3.3,1.32
151,7.0,9.0,0.97,3.25,3.62,4.32,1.38,4.03,4.32,3.06,3.32,1.55,4.49,0.46,3.39,1.6,3.04,2.86,3.04,2.26,1.97,2.71,2.23,1.8,2.33,3.67,2.86,0.7,5.56,1.67,1.32,3.36,2.34,2.17,2.32,4.39,2.96,3.5,1.7,3.13,1.66,2.56,2.84,1.03,3.97,3.01,4.16,1.27,4.09,1.71
152,8.0,9.0,2.22,2.94,0.65,2.29,1.75,3.36,0.56,1.25,2.89,0.72,2.74,2.46,3.27,0.94,1.49,2.51,1.65,2.34,2.18,2.19,0.57,1.05,0.99,1.82,1.68,0.08,4.19,3.06,2.92,0.7,0.45,0.9,0.49,4.06,1.63,4.3,1.53,0.87,1.78,3.46,2.3,0.68,1.9,2.83,1.97,1.61,2.87,0.47
