,p0,p1,S08-CSB,S09-CBS,S03-CBS,S02-CSB,S01-BCS,S11-SBC,S04-SCB,S23-SBC,S16-BSC,S06-CSB,S29-SBC,S18-SBC,S05-BCS,S15-SBC,S31-CSB,S30-SCB,S26-BSC,S18b-SBC,S20b-SCB,S33-CBS,S07-BCS,S21-CBS,S01-BSC,S16-CSB,S14-CBS,S11b-SBC,S13-SCB,S19-CBS,S08-BSC,S17-BCS,S23-SCB,S03-BSC,S12-CBS,S22-CSB,S12-SCB,S28-CSB,S10-BCS,S24-SCB,S15-CBS,S19-BCS,S07-BSC,S17-CSB,S13-BCS,S21b-CBS,S27-CBS,S10-CSB,S20-SCB,S25-BCS
0,M01,M02,2.69,1.69,3.55,0.48,1.15,2.19,2.7,2.75,3.72,0.91,1.45,3.04,0.82,1.43,0.99,3.5,0.96,1.2,1.39,1.84,1.4,1.75,1.92,1.18,0.81,2.66,2.09,0.9,4.07,1.92,2.08,0.84,1.64,1.81,3.87,0.9,2.07,3.24,4.24,0.56,2.77,1.74,2.99,2.39,3.86,0.87,4.56,0.68
1,M01,M03,1.32,1.09,0.88,1.71,1.47,1.9,2.65,3.9,3.21,3.34,0.68,4.89,3.79,3.63,0.92,1.78,0.96,2.74,2.85,4.06,3.03,3.63,4.16,0.26,4.29,2.56,2.04,0.4,0.81,1.69,3.43,2.93,0.4,2.04,2.12,0.68,2.08,0.91,4.56,0.72,3.51,2.8,2.09,2.13,3.54,1.28,2.36,1.55
2,M01,M04,1.81,2.59,3.44,0.85,0.96,0.32,1.75,3.38,3.81,3.0,2.17,3.16,0.39,2.8,1.88,3.85,0.42,2.63,3.28,0.42,2.74,1.71,3.69,0.09,1.69,2.47,2.36,0.64,1.24,1.89,1.15,3.53,1.1,1.79,2.13,2.06,1.37,2.99,4.84,0.92,4.83,1.82,1.52,0.49,1.74,2.4,2.69,1.11
3,M01,M05,0.25,3.03,1.66,3.41,2.05,1.81,2.0,5.01,2.73,1.35,0.78,3.55,1.84,1.83,4.15,1.57,1.97,0.26,3.0,4.46,2.98,1.49,3.96,1.67,1.23,2.03,2.89,3.33,2.51,1.6,1.09,1.99,2.69,3.53,3.93,1.55,1.53,2.7,4.86,1.61,4.15,3.44,3.24,1.89,1.53,2.55,2.35,2.24
4,M01,M06,1.51,1.16,1.15,1.81,0.82,3.31,2.7,1.36,5.05,2.99,2.93,2.49,2.82,1.48,4.15,1.54,3.17,0.28,0.72,1.1,4.12,1.3,3.36,3.33,0.89,0.77,0.78,0.99,3.56,2.75,0.91,1.79,3.41,1.1,0.16,1.55,1.79,2.95,2.65,2.1,0.7,2.45,2.6,1.5,2.56,2.12,3.86,3.77
5,M01,M07,1.98,1.37,1.22,2.05,1.92,1.25,4.2,3.57,2.8,2.85,2.65,3.17,1.09,3.2,2.67,2.08,2.81,1.37,0.8,0.89,3.24,2.48,2.86,1.23,1.29,0.24,3.06,1.79,2.01,2.82,2.08,4.04,2.58,1.81,4.48,1.5,2.29,3.26,5.3,1.64,3.18,2.42,1.66,2.12,1.63,4.35,3.6,2.4
6,M01,M08,3.46,1.89,1.53,2.68,2.09,2.28,4.08,2.13,4.22,2.45,2.2,5.15,3.96,1.72,3.71,2.28,1.42,2.48,3.2,2.45,1.02,1.82,4.13,2.91,4.35,2.01,1.55,0.21,2.24,2.34,1.37,0.09,3.25,1.5,0.97,1.82,0.9,3.86,3.49,1.01,4.07,2.85,0.98,2.56,2.81,0.92,3.5,2.01
7,M01,M09,1.44,1.78,3.38,3.05,1.95,3.15,3.73,3.01,5.89,4.05,2.13,4.91,4.72,1.79,2.92,0.95,1.26,1.21,3.26,0.36,2.37,3.25,4.51,0.7,0.7,1.3,0.52,1.22,2.3,5.16,2.3,0.6,1.28,1.06,3.42,3.45,1.0,4.65,2.33,3.85,3.92,4.04,2.38,1.07,3.89,1.26,3.69,2.26
8,M01,M10,0.64,1.92,2.32,3.09,1.07,1.9,5.31,2.78,3.06,0.67,1.29,3.03,2.89,0.79,2.22,3.33,1.98,2.48,1.58,1.05,2.1,0.89,2.57,1.85,2.05,1.93,3.5,1.4,1.95,4.06,5.03,1.85,2.83,2.42,4.87,2.54,2.13,3.94,5.87,3.23,2.01,3.18,2.33,2.53,1.49,1.03,4.99,2.7
9,M01,M11,1.57,2.52,2.13,1.18,1.17,3.76,3.78,1.2,1.78,0.88,3.52,4.67,2.15,1.51,0.88,1.69,4.12,2.89,4.43,0.26,1.34,0.73,3.23,1.62,1.51,3.02,3.86,3.53,2.25,2.15,3.26,2.8,2.99,2.87,4.12,1.3,1.08,3.64,5.71,2.96,4.1,1.06,2.21,1.42,3.07,1.82,3.42,2.6
10,M01,M12,1.32,3.47,1.17,2.55,3.21,2.97,4.49,2.08,4.24,2.63,4.38,2.19,1.12,2.22,1.55,3.42,1.82,1.09,1.36,0.46,3.23,1.32,3.45,1.02,2.36,2.34,3.92,3.99,1.83,3.2,3.44,1.25,0.9,3.56,3.55,3.0,2.31,2.6,5.39,1.68,5.2,2.08,2.76,1.15,1.59,1.28,0.99,1.27
11,M01,M13,3.8,2.34,2.17,0.63,1.97,1.31,4.71,0.72,5.08,3.57,1.26,2.09,1.67,2.83,1.48,2.77,2.19,3.96,0.87,1.17,2.76,3.3,3.48,1.13,1.95,2.07,3.54,3.95,4.6,0.76,0.97,2.73,1.27,2.61,4.7,1.63,1.89,2.02,5.48,1.54,4.55,1.38,1.76,0.25,2.84,1.5,4.39,3.94
12,M01,M14,1.46,3.62,3.3,2.55,4.21,3.97,2.75,0.94,4.7,1.41,3.04,5.82,1.16,2.2,2.47,2.32,1.8,0.66,0.42,3.85,3.37,2.62,4.4,0.81,4.13,1.57,1.38,1.43,1.61,2.61,3.96,1.87,0.76,1.54,1.34,2.34,2.66,1.84,3.73,3.99,3.21,2.79,0.66,2.59,0.58,1.39,1.01,4.86
13,M01,M15,2.18,4.22,1.42,2.44,1.16,1.39,4.07,3.51,3.17,4.53,3.14,2.99,2.54,0.6,2.08,3.67,0.7,1.19,1.5,3.15,2.55,1.74,3.58,1.51,3.44,0.8,3.62,2.97,3.21,5.11,3.01,0.77,3.1,2.63,3.54,1.43,2.03,4.05,3.03,4.07,2.36,3.47,3.0,2.32,2.95,1.19,3.03,4.66
14,M01,M16,1.79,3.18,3.24,1.17,0.83,0.84,2.97,0.77,5.17,2.73,3.59,2.27,2.7,3.99,1.36,2.87,0.8,1.51,3.58,2.54,1.43,2.26,2.79,2.4,3.6,0.75,1.64,3.2,3.55,3.2,3.02,3.69,2.65,3.32,3.89,0.87,1.03,4.16,3.33,3.23,4.36,1.54,2.05,3.37,3.02,3.27,3.97,2.1
15,M01,M17,0.75,3.38,3.31,1.91,0.96,3.21,3.58,0.78,3.33,4.16,1.47,4.9,3.99,1.63,2.05,2.93,1.74,1.28,1.11,3.23,1.19,0.25,3.02,0.97,0.49,1.19,2.14,2.04,3.03,3.69,1.36,1.05,4.02,3.04,3.65,1.74,1.8,2.26,4.91,3.55,2.93,2.69,1.75,2.17,2.9,0.28,4.73,0.8
16,M01,M18,2.8,4.5,2.71,3.17,1.94,3.33,3.64,3.23,4.81,2.02,3.72,5.15,3.21,2.4,3.69,2.16,1.51,1.26,1.88,1.48,2.09,1.37,1.9,2.39,3.83,0.24,2.95,4.08,3.12,5.95,2.57,1.31,2.21,1.33,3.92,1.48,1.9,2.4,5.02,3.06,4.11,3.13,1.68,2.6,0.77,1.68,0.89,2.62
17,M02,M03,2.14,1.64,4.08,1.98,1.25,1.78,1.74,1.21,0.77,3.41,1.23,2.63,2.97,3.19,1.37,3.85,0.1,1.9,3.93,2.35,2.79,2.93,2.54,1.05,4.73,4.48,1.18,1.3,3.8,1.14,2.0,2.71,1.77,1.81,2.12,1.58,3.9,3.03,3.02,0.67,1.1,4.03,4.79,3.91,0.44,0.5,2.42,1.19
18,M02,M04,3.81,2.31,1.17,0.38,0.42,2.35,2.25,0.66,0.66,3.43,1.94,1.25,0.78,2.73,1.35,2.79,0.55,1.44,4.32,2.16,3.11,1.28,1.82,1.18,2.18,0.56,1.75,0.98,4.91,0.36,2.98,2.9,0.59,1.01,2.87,2.83,1.2,1.44,2.06,0.73,2.11,2.98,1.86,2.68,2.21,2.76,1.93,0.73
19,M02,M05,2.86,2.83,4.11,3.39,2.48,1.86,0.96,3.12,2.06,1.69,1.99,0.53,1.82,1.02,3.63,1.96,1.81,0.94,3.39,2.8,2.37,1.87,2.12,2.73,1.72,4.35,3.83,3.05,3.42,0.98,1.27,1.39,1.38,1.73,3.03,2.41,3.02,2.48,3.7,1.1,1.39,2.74,2.72,4.11,3.83,3.21,2.22,1.68
20,M02,M06,4.06,1.91,3.7,1.39,0.91,2.76,1.12,1.44,1.45,2.23,1.54,1.32,2.14,2.67,3.19,2.98,3.18,0.94,0.77,0.74,4.66,1.97,1.73,3.57,0.98,2.08,2.72,1.1,1.68,1.1,2.21,1.24,1.98,2.08,3.88,0.86,3.82,1.18,1.68,2.03,3.17,3.67,2.04,1.49,1.31,2.48,1.19,3.67
21,M02,M07,2.05,1.05,2.32,1.84,2.81,2.34,1.77,1.32,1.7,2.18,1.2,0.48,0.84,2.47,1.68,3.98,2.52,0.18,0.73,2.69,2.23,1.09,1.74,1.71,1.97,2.45,2.46,2.4,2.48,1.12,0.32,3.21,1.41,2.92,0.77,1.24,3.09,0.04,2.63,1.5,2.54,3.05,1.46,2.5,2.86,4.15,1.29,1.85
22,M02,M08,1.8,2.23,4.97,2.6,3.14,0.94,1.38,0.72,0.59,1.73,0.75,2.39,3.15,0.42,3.26,4.49,0.55,2.92,3.49,1.83,1.98,0.2,2.55,3.65,4.97,4.01,0.93,0.76,2.63,0.57,2.27,0.79,2.96,2.72,2.96,1.57,2.71,2.31,0.86,1.56,3.53,3.22,2.03,3.63,1.07,0.06,1.63,2.14
23,M02,M09,2.41,0.14,1.78,3.1,2.91,0.97,1.95,0.81,2.6,3.54,0.77,1.98,3.9,1.11,2.26,2.96,0.53,1.98,3.31,2.16,1.96,1.95,2.62,1.73,0.93,3.18,1.8,2.07,2.32,3.26,0.7,0.67,0.57,0.84,1.04,3.04,2.12,1.57,2.49,3.43,2.53,4.58,0.61,3.4,0.96,0.39,0.91,2.54
24,M02,M10,3.32,1.11,2.24,3.04,2.18,1.61,3.37,3.49,0.72,0.73,1.24,0.94,2.18,1.61,1.42,1.29,1.91,1.84,1.95,2.85,2.63,1.07,1.14,0.72,2.2,2.67,4.36,2.29,2.12,2.9,4.99,1.03,3.58,3.61,1.02,1.91,3.14,0.83,2.24,2.71,1.67,3.78,2.27,0.4,2.67,1.83,2.75,2.91
25,M02,M11,4.23,1.5,3.1,0.71,2.15,2.2,1.55,1.86,3.07,0.07,3.4,1.92,1.53,0.09,0.84,1.95,4.53,2.05,4.53,1.63,1.56,1.92,1.39,0.59,1.82,2.0,4.47,3.54,1.97,1.78,2.4,2.14,1.79,2.11,1.39,1.59,1.22,2.09,2.08,2.56,2.79,0.71,2.6,0.97,0.96,2.69,1.32,2.87
26,M02,M12,3.87,1.92,3.69,2.85,4.25,2.65,2.65,3.52,1.45,2.38,4.31,0.98,1.92,1.97,1.65,0.48,2.54,1.85,0.8,2.02,3.73,1.09,3.12,1.89,3.1,3.71,4.84,3.73,2.34,1.79,2.58,0.82,2.49,2.74,1.16,3.88,4.24,0.79,3.8,1.83,3.4,1.96,2.26,3.35,2.53,2.14,4.1,1.52
27,M02,M13,4.62,1.25,2.89,0.85,1.2,3.48,2.96,3.43,3.44,4.05,2.16,0.99,1.6,3.98,0.49,1.64,3.0,3.84,2.2,0.67,3.39,4.89,1.57,0.05,2.76,2.44,4.77,3.27,5.29,1.66,1.34,2.75,1.58,0.8,0.84,2.39,2.08,2.82,3.72,1.52,2.16,0.42,3.36,2.38,3.58,2.17,3.41,4.35
28,M02,M14,1.34,2.12,1.99,2.11,4.8,2.38,0.72,2.03,1.02,2.06,1.59,3.01,1.11,1.36,2.85,1.65,2.65,1.72,1.21,2.04,3.06,0.9,2.82,1.17,4.82,3.37,3.32,1.53,2.69,0.97,3.01,1.99,2.14,1.71,4.12,1.64,1.59,1.94,0.88,3.71,3.37,4.12,3.42,1.38,3.5,2.18,3.85,4.94
29,M02,M15,4.71,2.6,2.43,1.96,1.83,2.18,1.37,1.21,0.56,4.09,2.35,0.13,1.82,1.26,1.18,2.11,0.48,2.37,1.53,1.5,2.81,0.25,1.83,0.59,3.81,3.17,3.59,3.18,0.9,3.32,1.99,0.6,2.76,1.62,0.56,1.36,2.84,2.0,1.26,3.69,2.19,4.52,1.26,4.65,4.26,1.61,1.76,4.58
30,M02,M16,2.7,2.11,0.78,1.47,1.97,1.7,0.68,1.97,1.47,1.92,2.99,1.47,2.2,3.1,1.31,0.99,1.73,1.73,3.12,1.39,2.52,3.39,0.88,1.28,4.29,2.51,1.48,2.91,0.79,1.88,1.81,3.39,1.06,3.2,0.2,0.59,2.88,1.06,1.01,2.72,3.59,2.1,1.32,1.46,1.33,3.84,0.73,2.47
31,M02,M17,2.04,2.16,0.87,1.54,0.63,1.98,0.89,2.45,1.62,3.63,0.06,1.96,3.17,0.33,1.06,0.57,1.77,2.48,1.75,2.22,1.97,1.89,1.55,1.72,0.69,1.91,2.56,1.84,2.1,1.77,3.06,0.9,2.52,3.92,0.65,0.84,3.87,1.93,2.68,3.14,1.56,4.15,2.28,2.01,1.79,1.08,0.82,0.85
32,M02,M18,5.48,2.89,1.24,3.09,2.65,1.24,1.09,3.67,1.17,1.8,2.86,2.41,2.4,1.0,3.15,1.36,0.85,2.47,1.55,0.36,0.71,1.73,2.81,3.44,4.24,2.44,4.43,3.92,0.96,4.82,2.54,1.98,1.87,2.79,0.63,0.82,3.28,1.67,2.55,2.88,3.35,4.78,1.78,1.74,3.75,2.29,4.24,2.5
33,M03,M04,1.68,1.51,3.73,2.3,0.88,1.78,3.28,0.8,0.6,1.36,2.57,1.76,3.69,1.04,2.62,5.2,0.54,1.91,0.45,4.28,1.27,1.96,1.15,0.34,2.6,4.03,0.58,0.91,1.11,0.81,3.83,1.78,1.19,0.81,2.48,1.56,2.8,2.39,1.24,0.23,1.43,1.05,3.6,2.41,1.84,3.25,1.14,0.47
34,M03,M05,1.3,1.94,2.4,2.2,1.37,0.15,2.2,3.21,2.21,2.02,0.8,2.26,3.74,2.17,4.93,2.49,1.9,2.53,1.99,0.47,0.83,2.24,0.93,1.7,3.07,0.85,2.79,3.6,3.02,0.18,2.34,1.6,2.64,2.98,3.78,0.96,1.01,1.87,0.68,1.67,1.36,3.69,3.83,0.98,3.42,3.7,0.62,2.38
35,M03,M06,2.78,0.27,1.96,3.34,1.88,4.27,2.75,2.64,1.84,3.13,2.77,2.41,1.84,5.07,4.47,0.88,3.27,2.58,3.18,3.01,2.5,4.6,0.82,3.55,3.76,2.57,2.81,1.26,3.64,2.23,3.0,1.61,3.65,1.25,2.07,2.17,0.81,2.42,2.65,2.67,4.03,0.36,4.7,2.45,0.98,2.97,1.52,4.8
36,M03,M07,0.67,1.98,1.85,1.86,3.38,1.03,3.4,1.66,1.86,2.67,2.39,2.18,3.21,0.91,2.83,0.31,2.62,1.77,3.2,4.8,1.77,3.85,1.48,1.03,3.11,2.58,1.34,1.71,2.2,2.23,1.72,4.07,2.86,1.7,2.55,1.97,1.87,3.05,1.17,2.15,2.05,1.44,3.68,1.88,2.69,4.46,1.27,2.58
37,M03,M08,2.28,2.85,1.68,1.81,3.47,2.56,2.69,1.77,1.06,2.85,1.92,1.06,0.26,3.51,4.52,0.66,0.5,2.73,2.24,3.73,4.04,2.74,0.13,3.17,1.32,0.54,0.56,0.6,2.52,1.7,2.71,2.84,3.64,1.69,1.16,2.24,1.22,3.13,2.55,1.61,2.86,1.84,2.98,1.1,0.87,0.44,1.14,3.33
38,M03,M09,0.3,1.78,3.53,1.68,2.29,2.32,1.16,1.57,3.37,2.4,1.73,1.58,0.93,4.3,3.6,1.2,0.45,2.69,2.77,4.32,0.84,4.59,1.35,0.69,3.81,1.37,1.55,0.82,2.49,3.81,1.34,3.27,1.52,1.39,2.22,3.88,1.82,4.25,2.31,4.04,1.66,2.0,4.21,2.28,0.71,0.38,1.51,3.71
39,M03,M10,1.84,2.42,2.4,1.99,2.44,0.18,5.09,4.58,0.3,2.81,1.66,3.53,1.81,2.95,2.79,3.07,1.82,0.49,2.24,4.95,1.55,3.62,1.59,1.67,2.7,4.48,3.26,1.0,1.79,4.03,3.56,3.06,3.2,2.28,3.01,3.1,1.57,3.82,2.39,3.2,1.8,1.48,4.42,3.83,2.28,2.13,3.93,4.09
40,M03,M11,2.44,1.72,1.88,2.61,1.72,3.97,3.28,3.07,2.33,3.47,4.0,3.55,2.34,3.22,1.72,2.0,4.6,0.16,3.29,3.82,1.69,4.24,1.28,1.42,2.92,5.48,3.32,3.7,1.85,2.68,0.92,1.72,3.28,0.9,2.01,1.46,2.69,3.95,2.32,3.18,1.92,3.38,4.25,3.07,0.92,3.06,1.7,4.05
41,M03,M12,1.95,2.92,0.67,0.89,3.66,4.05,4.4,4.7,1.21,1.35,4.88,3.47,4.86,1.41,0.69,4.0,2.49,2.61,3.35,4.33,1.78,2.37,5.34,0.93,4.81,4.68,3.74,4.25,1.86,2.93,0.99,1.89,1.05,1.56,1.46,2.34,2.48,2.56,0.92,1.18,2.33,2.61,3.58,2.61,2.14,2.51,1.7,2.68
42,M03,M13,2.86,2.74,3.04,2.26,0.8,3.05,4.71,4.61,2.95,1.78,1.92,3.39,3.57,3.98,1.8,3.87,2.95,2.55,2.04,2.98,1.88,6.79,1.98,1.0,3.93,4.63,3.77,4.33,5.24,1.92,2.46,0.8,1.66,2.3,2.89,1.2,3.88,2.68,0.95,0.87,1.09,3.61,1.79,2.36,3.14,2.35,3.9,5.47
43,M03,M14,0.87,3.77,3.39,3.22,3.67,4.15,1.07,3.24,1.54,2.37,2.75,4.08,3.43,1.86,3.37,2.23,2.61,3.38,3.26,1.61,0.34,2.66,0.29,0.98,1.98,3.89,3.42,1.65,1.8,2.11,1.17,1.32,1.08,3.06,2.02,2.94,4.73,2.19,2.27,4.37,3.03,0.29,2.23,3.28,3.15,2.64,1.48,6.13
44,M03,M15,3.43,4.21,1.69,3.39,1.13,2.89,2.63,1.57,0.67,2.41,3.35,2.76,1.82,3.98,2.55,4.84,0.55,3.61,2.71,0.91,1.02,2.69,0.79,1.46,0.98,3.02,2.41,3.06,2.9,4.3,0.67,3.28,3.49,0.95,1.64,1.8,3.75,4.27,3.26,4.32,2.07,0.78,5.05,2.85,3.82,2.12,0.7,5.7
45,M03,M16,0.69,3.64,3.64,0.55,2.15,2.16,2.42,3.14,2.17,3.29,3.9,4.07,2.74,1.26,0.67,2.92,1.74,1.92,3.87,1.76,2.61,5.86,2.15,2.21,1.91,3.3,0.55,3.48,3.17,3.02,0.47,0.79,2.82,1.44,2.23,1.46,2.25,4.05,2.56,3.21,2.82,2.01,4.1,4.21,0.89,4.34,2.02,3.6
46,M03,M17,0.73,2.58,3.99,3.51,0.69,3.68,2.09,3.66,0.93,2.52,1.27,1.59,0.22,2.9,2.33,3.37,1.67,3.78,3.75,3.6,2.12,3.88,1.14,0.83,4.07,2.59,1.48,2.32,3.2,2.5,3.75,3.6,4.24,2.31,1.69,2.42,1.32,2.63,0.67,3.75,1.1,0.7,2.75,2.39,1.82,1.53,2.85,2.04
47,M03,M18,3.66,4.5,3.06,2.18,1.76,2.94,1.78,4.68,1.62,1.69,3.92,1.01,0.72,2.92,4.45,2.84,0.76,3.83,3.09,2.69,3.1,4.46,3.95,2.42,0.53,2.73,3.55,4.3,2.89,5.96,1.91,4.19,2.59,1.99,1.95,2.1,1.01,2.69,0.92,3.55,2.63,1.74,3.76,3.03,3.5,2.79,1.86,3.64
48,M04,M05,1.57,0.52,4.44,3.52,2.06,1.67,1.29,2.7,2.6,1.73,2.95,1.24,2.17,1.79,2.31,2.73,1.89,2.37,2.02,4.66,1.99,0.77,0.32,1.73,0.48,3.97,2.42,2.7,3.75,0.67,1.75,1.54,1.65,2.29,1.8,1.83,1.86,1.12,1.87,1.62,1.06,3.04,3.4,1.97,1.73,1.21,0.55,2.11
49,M04,M06,2.47,1.56,3.94,1.04,1.06,3.63,1.52,2.04,1.25,3.97,2.21,0.68,2.91,4.18,2.73,4.44,3.19,2.36,3.58,1.42,1.56,2.64,0.85,3.23,1.26,1.79,3.14,0.35,4.68,1.42,0.85,1.74,2.54,1.47,2.26,3.6,2.87,0.26,2.4,2.76,5.28,0.69,1.15,1.96,0.9,0.28,1.65,4.38
50,M04,M07,2.06,3.12,2.32,1.86,2.8,1.0,3.07,0.96,2.23,3.54,2.36,0.8,0.75,1.35,1.91,5.46,2.7,1.29,3.59,0.53,2.9,2.37,1.75,1.33,0.68,2.24,0.78,1.42,3.17,1.42,2.89,2.58,1.87,2.2,3.64,2.51,1.91,1.48,0.6,2.23,3.31,0.97,0.44,2.61,1.59,2.73,1.41,2.3
51,M04,M08,3.73,4.19,4.96,2.7,3.04,2.53,3.34,1.37,0.55,3.55,2.21,2.05,3.88,3.12,1.91,5.85,1.01,4.04,2.25,2.87,3.71,1.14,1.25,2.83,2.81,3.58,1.08,0.48,3.44,0.89,1.16,3.44,3.16,2.07,1.94,3.79,1.69,1.06,1.91,1.84,3.91,1.5,0.7,2.97,1.27,2.81,1.57,2.87
52,M04,M09,1.45,2.44,0.62,3.28,2.55,3.27,4.02,0.77,3.07,3.66,2.55,1.98,4.6,3.82,1.05,4.01,0.87,3.35,2.82,0.12,1.61,3.22,0.83,0.78,1.25,2.78,1.85,1.69,3.47,3.29,2.98,3.57,0.6,0.82,1.97,5.44,0.98,1.97,2.52,3.98,2.62,2.36,1.34,0.73,2.15,2.97,1.18,3.24
53,M04,M10,1.74,3.39,1.45,3.16,2.03,1.81,3.76,3.78,0.81,2.7,0.91,2.17,2.63,2.05,0.67,3.93,1.84,2.2,2.54,0.69,0.66,1.68,1.39,1.87,0.97,2.88,2.84,1.79,2.89,3.24,4.5,2.6,3.43,2.85,3.84,3.68,1.95,2.2,1.24,3.08,3.23,1.55,1.0,2.86,0.51,2.84,2.81,3.63
54,M04,M11,1.5,1.16,2.3,0.34,1.81,4.03,2.57,2.41,2.85,3.47,1.47,2.95,1.86,2.79,1.02,3.38,4.32,1.99,3.16,0.53,1.58,2.28,0.48,1.65,0.54,2.47,2.83,2.9,2.95,2.09,3.38,0.77,2.28,1.22,3.81,3.01,0.32,3.41,1.13,3.14,2.81,2.33,1.09,1.73,1.62,2.64,0.74,3.58
55,M04,M12,0.99,2.42,3.2,3.18,3.9,3.29,2.96,3.95,0.81,2.25,2.38,1.82,1.38,0.76,2.99,2.31,2.08,3.22,3.7,0.75,0.65,0.41,4.26,1.1,2.89,3.88,3.31,3.36,2.9,2.13,3.53,2.28,1.99,1.91,3.25,2.24,3.68,1.73,1.8,1.21,2.57,1.75,2.84,0.7,0.38,2.55,2.42,2.22
56,M04,M13,2.31,3.56,3.51,1.07,1.06,1.29,3.13,4.06,2.78,0.65,1.55,1.7,1.99,2.97,1.23,1.45,2.5,4.41,2.48,1.51,0.62,4.98,0.83,1.13,2.04,2.7,3.42,3.48,5.77,1.78,1.65,2.55,1.44,1.53,3.62,0.44,2.46,3.48,1.69,0.81,1.08,2.56,2.8,0.32,2.13,3.45,2.78,5.01
57,M04,M14,2.49,4.14,0.85,1.84,4.38,4.24,2.74,2.61,0.99,1.66,2.71,3.9,1.46,1.63,2.19,3.66,2.14,3.07,3.7,4.19,1.51,1.64,1.43,0.72,2.76,3.43,3.73,0.79,2.77,1.3,4.03,2.71,1.7,2.43,3.26,4.39,2.55,2.55,1.56,4.38,4.31,1.15,1.71,3.03,1.31,1.7,2.14,5.68
58,M04,M15,2.93,4.32,2.06,1.63,1.43,1.71,3.36,0.85,0.98,3.75,1.21,1.36,2.3,3.25,0.9,0.69,0.43,3.81,3.03,3.37,0.34,1.05,0.48,1.48,1.76,3.08,1.85,2.37,4.01,3.54,3.26,3.47,2.97,0.86,2.87,3.36,2.98,3.41,2.72,4.28,3.48,1.65,1.5,1.98,2.63,1.21,1.09,5.29
59,M04,M16,1.34,4.39,0.45,1.81,1.79,1.15,2.08,2.6,1.7,4.01,1.45,2.46,2.36,2.08,2.66,3.37,1.21,2.9,3.98,2.66,1.77,3.9,1.15,2.42,2.24,2.48,0.73,2.58,4.27,2.23,3.37,1.65,1.65,2.2,2.78,2.43,2.38,2.4,2.0,3.1,3.76,1.03,0.61,3.77,1.28,1.32,1.29,3.14
60,M04,M17,1.95,1.65,1.93,1.22,0.21,3.49,3.06,3.02,1.1,3.79,1.88,1.98,3.88,2.51,1.33,2.67,1.63,3.91,4.2,3.66,1.57,1.95,1.19,1.06,1.5,1.53,1.14,1.42,4.2,1.86,0.29,3.71,3.1,3.04,3.04,3.56,3.04,2.78,0.67,3.7,2.48,1.28,2.12,2.66,1.93,2.15,2.05,1.57
61,M04,M18,2.41,4.59,0.73,3.18,2.25,3.53,3.34,3.88,1.05,2.21,1.76,2.03,3.07,2.81,1.84,2.59,1.14,3.89,3.37,1.82,3.63,2.52,4.02,2.45,2.14,2.27,3.31,3.44,4.01,5.16,2.39,4.83,2.04,2.26,3.26,3.0,2.1,2.6,0.49,3.6,3.63,2.2,0.16,3.07,1.9,0.98,2.54,3.22
62,M05,M06,1.48,1.94,0.56,4.35,2.78,4.29,0.76,3.78,3.47,2.78,3.53,1.57,2.05,3.29,2.83,1.7,1.38,0.09,2.86,3.43,3.32,2.69,0.88,4.44,0.84,2.29,3.36,2.35,1.97,2.08,0.94,0.21,2.47,3.69,4.05,2.81,1.43,1.34,3.23,1.72,4.5,3.46,4.28,2.79,2.59,1.26,1.62,2.81
63,M05,M07,1.97,3.64,2.18,1.78,3.62,0.89,2.2,1.8,0.37,2.45,3.17,0.5,2.63,1.49,3.37,2.73,0.85,1.11,2.82,5.18,0.95,2.95,1.82,1.41,0.54,2.12,2.34,2.82,1.24,2.09,1.14,2.77,2.41,4.48,3.73,2.93,1.07,2.52,1.64,1.22,3.4,2.26,3.03,2.58,2.73,3.89,1.35,0.19
64,M05,M08,3.52,4.69,1.51,0.84,3.44,2.61,2.18,3.73,2.65,2.25,2.7,1.89,3.79,1.36,0.51,3.15,2.24,2.53,0.26,4.2,3.95,1.78,1.04,3.44,3.26,0.62,2.91,3.13,0.89,1.55,1.05,1.9,4.2,4.32,3.61,2.54,0.69,1.34,3.2,2.48,4.22,1.91,2.91,2.06,2.99,3.27,1.39,2.24
65,M05,M09,1.37,2.96,4.58,0.58,1.4,2.44,2.77,2.35,3.35,3.25,2.53,1.45,4.62,2.13,1.42,1.32,2.32,1.32,0.79,4.71,0.65,3.81,0.64,1.01,0.8,1.2,2.59,4.32,1.2,3.78,1.26,2.06,1.94,2.54,2.02,4.07,0.9,3.03,2.75,2.37,2.98,2.91,2.56,1.58,3.49,3.52,1.35,2.84
66,M05,M10,0.54,3.91,3.7,0.36,2.56,0.3,3.44,3.62,1.91,0.97,2.06,1.29,3.73,1.52,2.33,2.13,3.68,2.3,1.49,5.32,2.08,1.86,1.56,3.27,1.07,3.87,0.61,4.35,2.12,3.87,4.34,1.47,4.96,5.14,3.69,4.05,0.79,3.28,2.91,1.62,2.91,2.49,4.32,4.13,1.22,2.52,3.36,2.95
67,M05,M11,1.37,1.59,3.72,3.69,1.35,4.04,1.79,3.82,3.2,1.73,4.27,1.71,3.24,1.05,3.27,0.73,3.0,2.69,1.52,4.22,1.76,2.2,0.74,2.99,0.45,5.05,1.06,1.13,2.77,2.5,2.23,0.83,2.65,2.72,4.35,1.59,1.81,4.26,2.86,1.53,3.23,2.75,4.48,3.17,3.35,1.9,1.22,3.08
68,M05,M12,1.08,2.76,2.83,2.26,2.59,4.06,2.63,4.33,3.37,1.64,5.11,1.51,2.11,1.03,5.28,1.86,3.76,1.19,2.6,4.76,2.57,0.78,4.56,0.91,2.71,3.95,1.05,0.68,1.69,2.77,2.41,0.75,3.59,3.03,3.93,1.5,2.9,2.54,0.58,2.83,3.33,1.42,0.56,1.93,1.36,2.06,1.94,2.14
69,M05,M13,3.62,4.08,1.49,4.04,2.11,2.93,2.9,5.48,5.13,2.36,1.87,1.52,0.22,3.68,3.38,1.38,4.04,3.9,2.64,3.41,2.58,4.55,1.11,2.69,1.94,4.06,1.01,1.85,2.34,1.78,0.12,1.99,2.95,0.93,3.47,1.66,3.42,3.83,0.75,2.4,1.79,2.62,2.05,2.06,1.43,3.06,3.28,4.69
70,M05,M14,1.59,4.62,4.57,3.17,2.33,4.23,1.48,4.08,3.01,0.68,3.54,2.7,0.73,0.39,3.19,1.29,3.63,0.86,3.37,2.01,0.88,2.38,1.19,2.37,3.16,3.17,3.7,1.97,1.43,1.95,2.93,1.64,3.35,3.05,5.0,3.48,4.05,2.99,2.94,2.83,4.36,3.94,3.9,3.8,1.06,1.27,1.67,4.38
71,M05,M15,2.13,4.75,2.78,3.63,0.91,2.85,2.19,1.91,1.62,3.61,3.91,0.63,3.36,1.98,2.69,2.35,1.48,1.44,1.86,1.32,1.68,1.68,0.49,3.16,2.21,2.33,1.68,1.71,2.98,4.19,1.94,1.99,4.0,2.23,3.34,2.11,3.5,4.36,3.88,2.67,3.32,3.69,3.84,1.89,1.42,1.65,0.86,3.66
72,M05,M16,1.68,4.91,4.12,2.56,2.27,2.11,0.98,4.36,3.1,2.69,4.37,1.97,3.97,2.2,4.93,1.54,2.15,1.48,1.98,2.07,2.96,3.75,1.47,3.75,2.63,2.73,2.35,0.14,3.4,2.86,1.93,2.13,1.51,4.04,2.85,2.39,2.15,3.49,3.21,1.62,4.16,2.19,3.3,4.71,2.62,0.82,1.67,2.98
73,M05,M17,0.86,1.9,3.54,4.63,1.85,3.73,1.81,4.33,3.02,3.37,2.02,1.43,3.96,0.74,3.16,1.4,3.51,1.54,4.11,4.05,2.36,1.74,1.28,1.12,1.03,2.45,1.31,1.28,1.37,2.43,1.8,2.26,2.73,5.29,3.52,3.25,1.84,3.33,1.22,2.08,2.42,4.23,1.5,3.0,3.58,2.26,2.48,1.73
74,M05,M18,2.61,5.02,3.72,0.48,0.66,3.04,2.05,3.38,3.18,1.13,4.48,1.91,3.45,1.1,0.49,0.6,2.63,1.52,1.95,3.13,2.51,2.66,4.18,0.72,2.61,2.24,1.13,0.94,2.66,5.8,1.78,3.28,3.19,4.45,3.62,3.03,0.37,3.23,1.46,2.22,3.97,5.23,3.46,3.62,2.25,0.92,2.07,1.86
75,M06,M07,3.45,2.19,1.64,2.59,1.94,4.3,1.58,2.22,3.11,0.46,0.52,1.06,2.81,4.68,1.69,1.06,1.02,1.11,0.09,1.95,4.26,2.07,0.94,4.56,1.26,0.54,3.82,1.4,1.56,0.12,2.08,2.93,0.94,0.86,4.47,2.02,2.47,1.22,2.96,0.55,3.87,1.21,1.33,1.12,1.84,2.81,0.27,2.69
76,M06,M08,4.97,2.99,1.49,3.5,2.35,1.82,1.85,0.98,0.87,0.55,0.91,2.72,1.83,2.8,2.94,1.53,3.61,2.62,3.01,1.95,5.0,2.14,0.82,1.59,4.07,2.05,2.3,0.81,1.45,0.53,0.48,1.7,2.48,0.64,0.94,0.96,1.19,1.28,0.86,2.3,4.77,1.67,1.85,2.17,0.43,2.53,0.47,1.92
77,M06,M09,2.83,2.05,4.05,4.19,2.76,3.22,3.07,1.65,2.53,1.74,1.31,2.6,2.64,2.42,2.1,0.62,3.7,1.4,2.94,1.42,3.1,2.57,1.51,3.86,0.2,1.2,1.29,2.02,1.27,2.87,2.14,1.89,2.14,1.27,3.47,2.21,1.96,1.85,0.92,2.46,4.58,2.09,1.8,2.56,1.45,2.69,0.66,2.16
78,M06,M10,0.95,2.65,3.15,3.99,1.51,4.14,2.67,2.57,2.0,2.41,2.14,2.09,2.64,2.13,2.09,2.28,5.02,2.36,1.37,2.11,2.07,0.99,0.81,4.14,1.25,2.25,3.96,2.11,1.91,1.86,4.14,1.46,4.12,1.54,4.88,2.36,2.17,1.95,3.27,2.63,2.67,1.43,0.39,1.39,1.38,2.61,3.62,1.74
79,M06,M11,1.14,1.92,3.17,0.73,1.99,1.58,1.1,0.51,4.06,2.29,3.32,3.22,2.62,2.73,3.53,1.14,1.96,2.74,4.16,0.89,3.11,0.61,0.65,4.13,0.84,2.93,4.39,2.57,2.28,1.52,2.61,1.04,0.68,2.15,4.08,1.5,2.67,3.15,3.11,1.7,4.77,3.02,0.77,0.89,0.81,2.48,1.49,2.05
80,M06,M12,1.49,3.15,2.32,4.22,3.98,0.39,1.87,2.3,1.26,1.8,4.13,1.48,3.69,3.66,4.43,3.13,4.82,1.28,0.67,1.33,0.93,2.24,4.63,4.24,3.06,2.9,4.35,3.01,1.78,0.73,2.77,0.54,4.11,2.79,3.51,4.3,1.67,1.48,3.57,3.77,5.85,2.31,3.73,2.65,1.24,2.34,3.21,2.63
81,M06,M13,4.76,2.99,1.37,1.73,2.07,3.95,2.14,2.02,3.04,4.6,3.25,1.32,1.93,3.2,2.7,3.06,5.01,3.99,1.44,0.12,1.36,3.12,1.51,3.55,2.45,2.28,3.85,3.18,3.61,2.24,0.87,1.91,2.63,2.83,4.71,3.16,3.38,3.3,3.58,3.54,5.1,3.25,3.94,1.64,2.65,3.22,4.02,3.07
82,M06,M14,2.95,4.03,4.03,1.85,5.01,1.69,1.83,0.61,0.47,3.44,0.61,4.26,2.0,3.67,4.83,1.37,4.59,0.82,0.75,2.77,2.56,2.82,1.09,2.6,4.0,2.21,0.62,0.47,1.94,0.14,3.29,1.48,3.63,2.55,1.18,0.8,4.38,2.36,1.08,2.11,3.91,0.5,2.63,1.1,2.19,1.52,3.0,1.63
83,M06,M15,0.67,4.47,2.22,1.38,1.94,2.0,1.88,2.16,2.0,2.35,1.71,1.39,2.38,1.41,2.09,4.03,2.81,1.47,1.08,2.11,1.88,2.12,0.39,3.18,2.83,1.54,4.3,2.11,1.72,2.37,2.45,1.84,2.31,2.11,3.54,1.01,3.11,3.15,0.82,2.5,3.05,1.05,0.94,3.78,3.26,0.93,0.83,0.9
84,M06,M16,3.1,3.88,3.63,2.85,1.41,2.49,0.62,0.61,1.0,0.38,2.43,2.13,3.33,5.47,4.08,2.06,3.09,1.57,3.04,1.68,2.86,1.43,1.46,4.58,3.47,1.22,2.41,2.22,2.03,0.87,2.54,2.2,1.02,2.29,3.91,1.45,1.61,2.16,0.69,2.61,5.06,1.66,0.99,1.95,0.8,1.52,1.28,2.51
85,M06,M17,2.26,2.76,3.2,0.32,1.2,1.06,1.68,1.03,2.15,1.77,1.5,2.6,2.05,2.95,2.15,2.49,4.82,1.56,1.51,2.56,2.94,1.12,0.42,4.26,0.42,0.42,2.82,1.07,0.63,1.42,0.86,2.13,0.65,2.02,3.64,0.92,0.5,2.56,2.7,2.21,3.56,0.78,3.18,0.83,1.45,1.88,1.92,2.98
86,M06,M18,1.84,4.76,3.21,3.96,2.74,2.57,2.07,2.89,0.29,1.79,1.97,2.71,1.84,3.67,2.56,1.99,4.0,1.53,1.33,0.4,5.2,0.31,3.34,5.01,3.26,0.66,3.18,3.09,1.38,3.75,1.75,3.09,2.02,0.79,3.91,1.44,1.62,2.37,2.73,1.04,4.8,1.83,1.01,1.11,2.54,0.81,3.37,1.17
87,M07,M08,1.7,1.18,2.68,0.93,0.68,2.87,0.97,1.96,2.28,0.48,0.47,2.06,3.43,2.74,3.21,0.51,2.87,2.97,2.97,3.26,4.1,1.24,1.41,4.02,3.07,2.03,1.86,1.77,0.39,0.55,2.08,4.0,1.88,0.32,3.54,2.8,1.67,2.35,2.5,2.03,1.04,0.54,0.7,1.19,1.83,4.17,0.36,2.25
88,M07,M09,0.69,1.02,2.41,1.74,2.76,3.11,3.14,0.6,3.14,1.47,0.8,1.74,4.08,3.55,2.04,1.47,3.0,2.09,2.88,0.53,1.35,0.86,2.45,0.85,1.14,1.26,2.54,2.01,0.3,2.74,0.39,3.69,1.35,2.13,1.79,4.23,1.32,1.58,2.97,2.49,0.96,1.64,0.9,2.99,3.28,4.09,0.56,2.86
89,M07,M10,2.5,0.56,1.58,1.42,1.07,1.14,1.77,3.23,1.56,2.22,2.08,1.42,1.94,2.65,1.31,3.12,4.43,1.74,1.33,0.17,2.89,1.6,0.64,2.04,1.55,1.97,2.61,1.89,0.89,1.91,4.67,2.22,3.25,0.69,0.52,1.19,0.3,0.8,1.28,2.38,1.31,0.77,1.3,2.28,1.84,5.17,3.54,2.93
90,M07,M11,3.05,2.5,1.87,1.97,2.3,4.38,0.51,2.43,3.06,2.25,3.62,2.19,1.15,2.49,2.28,2.19,2.96,1.92,4.1,1.05,2.29,2.32,1.4,1.75,0.96,2.93,2.45,2.43,1.54,1.64,2.08,2.36,0.42,2.52,1.06,2.68,2.04,2.05,1.24,1.63,1.03,2.53,1.47,2.01,1.91,5.27,1.33,3.08
91,M07,M12,2.53,2.92,1.67,2.56,3.38,4.01,1.3,3.6,3.01,1.34,4.47,1.32,2.12,1.17,2.73,4.16,4.6,1.96,0.58,1.02,3.5,2.17,4.86,0.58,2.23,2.47,3.04,3.33,0.48,0.78,2.26,3.25,3.21,3.04,1.2,4.22,3.97,0.78,1.4,3.28,2.23,1.28,2.46,3.2,1.81,5.04,2.97,2.22
92,M07,M13,2.61,1.0,1.75,2.64,3.85,2.14,1.6,4.16,4.8,4.16,3.16,1.27,2.42,4.21,1.21,4.1,4.89,3.8,1.5,2.03,3.47,5.19,2.25,1.68,1.42,2.07,3.33,4.21,3.55,2.33,1.24,4.68,1.69,3.65,0.52,2.11,4.06,2.8,1.25,3.02,2.4,2.67,2.66,2.35,3.61,5.76,3.87,4.68
93,M07,M14,1.1,2.35,2.39,1.55,5.32,4.58,2.33,2.68,2.65,3.12,0.41,3.21,1.9,1.12,4.06,2.34,4.48,1.9,0.84,4.71,1.78,1.26,1.65,2.01,2.86,1.73,4.39,1.25,0.4,0.22,2.69,4.41,2.71,3.34,4.57,2.71,4.43,1.93,2.16,2.39,1.01,1.69,2.0,1.49,1.74,4.29,2.75,4.27
94,M07,M15,4.1,3.04,0.75,1.92,2.75,2.56,1.05,0.11,1.25,2.07,2.1,0.6,1.63,3.45,1.01,5.07,2.27,2.53,1.02,3.89,2.58,1.32,1.33,2.27,2.35,1.01,1.24,1.59,1.85,2.29,1.67,3.49,1.68,2.65,0.94,2.57,4.32,1.96,3.31,2.61,0.83,1.59,1.37,4.06,3.99,3.38,0.58,3.52
95,M07,M16,0.74,1.82,2.07,1.81,1.36,1.87,1.25,2.83,2.78,0.7,2.83,1.89,1.61,0.84,2.4,3.02,2.99,1.78,2.96,3.16,3.59,3.42,1.93,2.44,2.32,0.81,1.46,2.74,2.28,0.93,1.5,4.19,0.98,2.17,0.9,0.71,3.11,1.03,2.59,2.36,1.23,0.99,0.43,2.38,2.6,3.63,1.23,3.02
96,M07,M17,1.33,3.21,2.14,2.88,2.86,3.95,1.39,3.03,2.7,1.53,1.18,1.73,3.38,2.15,0.68,3.52,4.28,2.64,1.59,4.07,2.94,2.52,0.56,0.4,1.29,0.96,1.32,1.87,1.03,1.29,2.94,3.51,1.59,1.23,0.86,1.41,2.9,1.91,0.5,2.21,1.01,1.99,1.85,0.56,1.4,4.22,1.94,1.85
97,M07,M18,4.24,3.3,1.59,1.37,3.22,3.58,1.86,3.23,2.82,1.39,2.43,2.07,2.54,2.06,2.93,3.05,3.29,2.63,1.25,2.34,2.1,1.76,2.47,1.99,2.7,0.18,3.39,3.21,1.58,3.77,2.24,5.0,1.14,0.65,0.6,0.68,0.87,1.65,0.29,1.42,0.96,3.02,0.45,1.17,1.08,3.61,3.13,1.79
98,M08,M09,2.38,2.2,4.91,0.88,2.37,1.56,2.24,1.38,2.55,1.95,0.45,0.64,0.83,0.82,1.18,1.84,0.25,1.32,0.59,2.8,3.36,2.09,1.48,3.2,4.05,0.85,1.1,1.42,0.32,2.99,2.05,0.64,2.57,1.9,2.66,1.65,0.78,2.1,1.63,4.49,1.29,1.37,1.43,3.08,1.5,0.34,0.91,0.61
99,M08,M10,4.06,1.36,3.83,0.48,1.03,2.41,2.71,3.43,1.16,1.86,1.77,3.15,2.07,2.0,2.05,3.63,1.7,2.24,1.65,3.41,3.05,1.21,1.57,4.35,3.31,3.94,3.45,1.59,1.27,2.36,3.66,1.81,2.04,0.94,3.95,3.31,1.43,2.92,2.54,4.07,2.33,0.64,1.69,3.45,1.77,1.88,3.88,0.78
100,M08,M11,4.72,3.68,3.5,2.85,2.09,1.52,1.23,1.48,3.37,1.79,3.58,2.73,2.59,0.35,2.83,2.66,5.05,2.81,1.27,2.44,2.36,2.04,1.34,4.24,3.29,4.95,3.59,3.38,1.91,1.58,2.22,2.72,1.85,2.56,3.15,0.97,1.52,4.38,2.38,3.6,1.12,2.79,1.71,2.99,0.38,2.74,1.64,0.85
101,M08,M12,4.22,4.07,2.33,2.2,2.78,1.72,2.26,3.26,1.11,1.5,4.46,3.35,5.02,2.36,4.9,4.65,2.74,1.41,2.7,2.25,4.15,1.0,5.39,3.55,4.19,4.17,3.93,3.8,0.87,1.24,2.37,1.16,3.41,3.13,2.58,3.96,2.36,2.76,3.42,2.1,2.08,1.29,2.36,3.37,1.63,2.19,2.79,0.75
102,M08,M13,3.54,1.71,2.86,3.31,4.05,3.4,2.56,2.85,3.13,4.19,2.81,3.33,3.63,4.37,3.06,4.52,3.25,1.94,2.88,1.83,3.65,5.01,2.07,3.62,3.39,4.08,3.84,3.74,3.18,1.93,1.03,2.65,1.98,3.47,3.79,3.4,2.78,4.54,3.38,2.22,2.88,2.88,2.1,2.81,3.09,2.2,4.17,2.46
103,M08,M14,2.08,3.02,4.82,2.39,4.89,1.73,1.68,1.58,0.48,2.91,0.84,3.09,3.54,1.66,2.69,2.85,2.94,2.93,3.55,2.57,4.38,0.8,0.27,2.48,0.74,3.38,2.92,1.27,0.73,0.41,2.88,1.79,2.91,3.03,1.41,1.12,3.53,3.61,0.35,4.39,1.06,2.11,1.4,2.67,2.5,2.24,2.59,2.86
104,M08,M15,5.64,3.79,2.95,2.82,2.64,1.67,0.08,1.86,1.14,2.54,2.21,2.51,2.08,1.41,2.43,5.5,1.03,2.29,1.97,3.09,3.54,0.1,0.85,3.49,1.89,2.5,2.83,2.85,2.11,2.8,2.12,0.8,0.21,2.62,2.6,0.44,2.81,4.3,0.81,4.64,1.78,1.79,2.06,3.86,3.7,1.67,0.53,2.74
105,M08,M16,2.39,2.11,4.75,2.02,1.33,1.52,1.26,1.39,1.15,0.47,2.92,3.85,3.0,3.3,4.57,3.53,2.22,1.19,1.8,3.22,2.17,3.55,2.2,4.89,0.96,2.76,0.58,3.0,2.53,1.35,2.24,3.6,2.86,2.37,3.01,2.13,1.47,3.07,0.17,4.07,0.38,1.32,1.11,3.55,1.09,3.9,1.58,0.83
106,M08,M17,2.72,4.4,4.6,3.79,3.05,1.12,0.6,2.0,1.64,2.01,0.73,0.66,0.3,0.62,2.91,4.02,1.63,2.46,4.31,0.85,2.14,1.97,1.11,3.65,4.27,2.11,1.66,1.85,0.84,1.47,1.04,1.09,2.99,1.55,2.7,1.88,1.44,3.84,2.38,4.2,1.97,2.45,1.51,1.75,1.11,1.14,2.3,1.3
107,M08,M18,5.93,4.01,4.23,0.49,2.94,1.24,0.97,3.69,0.6,1.34,2.62,0.05,0.97,0.95,0.39,3.5,0.43,2.61,2.01,1.78,2.54,1.91,3.86,3.87,1.6,2.19,3.51,3.9,1.8,4.27,1.29,1.4,1.12,0.38,2.97,2.31,1.06,3.65,2.33,3.34,0.3,3.5,0.85,2.33,2.68,2.35,2.95,0.98
108,M09,M10,1.88,1.02,1.14,0.58,1.78,2.14,4.91,3.03,3.29,3.39,1.98,2.62,2.46,2.35,0.91,2.52,1.49,2.26,1.68,0.7,1.54,2.36,2.19,2.3,1.38,3.21,3.19,0.29,1.04,3.78,4.34,1.47,3.02,2.81,1.89,4.41,1.22,1.48,3.62,1.3,1.91,0.86,1.95,3.57,2.49,2.22,2.99,0.51
109,M09,M11,2.37,1.59,1.89,3.5,0.78,2.16,3.2,1.9,5.62,3.61,3.96,2.09,3.12,1.08,2.06,1.01,5.05,2.82,1.22,0.53,1.12,2.96,1.31,2.03,0.9,4.12,3.5,4.28,1.65,4.38,1.71,2.81,1.77,2.03,2.33,2.5,0.91,3.3,3.47,0.89,0.27,4.13,2.22,2.45,1.62,3.08,0.85,0.34
110,M09,M12,1.85,1.91,2.93,1.69,1.37,3.21,4.34,3.25,3.6,1.63,4.85,2.96,5.79,3.07,3.89,3.0,2.49,0.13,2.52,0.64,2.25,3.03,4.72,0.37,2.86,3.6,3.64,4.95,0.69,3.12,1.88,1.41,2.05,2.73,1.94,5.36,3.05,2.35,3.2,5.19,1.31,2.65,2.04,0.35,2.36,2.53,3.19,1.02
111,M09,M13,2.58,1.12,3.83,3.67,3.09,4.44,4.66,3.62,5.54,4.16,2.93,2.96,4.46,4.61,1.97,2.7,3.0,3.05,3.1,1.5,2.15,5.64,1.28,1.68,2.28,3.32,3.34,5.14,3.45,4.89,1.37,3.18,1.01,1.63,1.68,5.05,2.75,4.38,3.26,4.75,1.6,4.23,2.86,1.02,2.91,2.52,3.37,1.89
112,M09,M14,1.16,1.98,0.24,3.25,2.56,2.27,1.29,2.14,2.3,3.9,1.06,2.5,4.36,2.46,2.79,1.52,2.7,1.61,3.57,4.19,1.11,1.93,1.53,1.48,3.94,2.81,1.89,2.36,0.7,2.94,2.31,2.35,1.64,1.67,4.01,1.62,3.22,3.5,1.71,1.17,1.87,2.28,2.83,3.66,3.43,2.54,2.94,2.73
113,M09,M15,3.46,2.48,1.96,3.66,1.18,3.09,2.16,0.52,2.95,0.61,2.65,2.08,2.58,1.26,1.27,3.67,0.99,1.1,1.86,3.41,1.28,2.18,1.13,2.16,2.89,1.95,3.15,3.54,1.79,1.97,1.29,0.21,2.37,1.68,1.33,2.08,3.01,2.98,1.74,0.43,1.65,1.41,1.29,1.26,3.61,1.89,0.88,2.86
114,M09,M16,0.41,1.97,1.02,2.09,1.6,2.67,2.55,2.25,1.54,2.1,3.36,3.39,3.38,4.12,3.54,2.16,2.06,0.81,1.21,2.73,2.33,3.76,1.85,2.81,3.41,2.04,1.12,4.21,2.21,3.29,1.11,3.98,1.41,2.83,0.89,3.63,1.94,1.48,1.49,1.27,1.18,2.61,0.89,4.44,0.9,4.12,0.67,0.36
115,M09,M17,0.96,2.21,2.49,4.45,2.39,2.23,1.76,2.51,4.16,0.13,0.8,0.02,0.72,1.41,1.75,2.41,1.4,1.29,4.35,3.59,1.71,3.25,1.92,0.46,0.28,1.27,1.68,3.07,0.73,1.51,3.0,0.45,2.74,3.21,1.5,2.99,2.21,3.48,2.59,0.29,1.11,2.7,1.82,3.16,2.52,1.46,1.43,1.69
116,M09,M18,3.56,2.77,0.95,0.83,0.75,0.82,1.28,3.11,2.4,2.14,3.07,0.68,1.54,1.73,0.94,1.76,0.31,1.41,1.76,1.81,2.27,2.27,4.82,1.72,3.32,1.43,2.84,4.96,1.48,4.88,1.99,1.35,1.45,1.95,1.6,3.63,1.19,3.21,2.7,1.77,1.01,3.7,1.29,3.64,3.97,2.59,3.34,1.47
117,M10,M11,1.0,2.6,0.87,3.33,1.24,3.81,1.82,2.12,2.35,0.77,2.35,1.65,0.79,1.7,1.48,1.66,6.1,0.59,2.85,1.22,1.06,0.85,0.95,0.29,0.62,1.61,0.58,4.24,0.65,1.98,2.71,1.86,3.45,3.03,1.55,3.49,2.02,1.82,0.17,1.11,2.11,3.29,0.38,1.13,2.13,1.04,2.3,0.31
118,M10,M12,0.94,2.76,1.8,2.19,2.69,3.92,0.82,0.92,1.5,1.98,3.24,0.89,4.0,1.56,3.02,1.72,1.84,2.19,1.21,1.16,1.15,1.29,4.24,2.37,3.77,1.06,0.48,4.97,0.44,1.13,2.59,1.41,2.42,3.46,1.72,5.4,3.69,1.34,2.65,4.27,3.19,1.9,3.76,3.55,0.14,0.53,5.07,1.43
119,M10,M13,3.95,0.46,3.25,3.71,3.02,3.1,0.64,2.78,3.25,3.33,1.11,1.05,3.51,2.37,1.07,2.58,2.38,2.22,1.51,2.19,0.77,3.82,1.71,0.76,2.97,0.33,0.85,5.27,4.44,3.35,4.4,3.34,2.01,4.32,0.22,3.29,3.96,3.13,2.47,3.77,2.68,3.41,3.79,2.55,1.77,0.61,1.12,1.76
120,M10,M14,2.1,1.83,1.0,2.84,4.33,3.99,4.02,2.22,1.65,1.35,2.48,2.8,3.14,1.82,2.86,1.01,2.27,3.13,1.91,4.88,1.87,1.96,1.83,1.89,3.45,1.06,4.28,2.4,0.78,1.96,2.45,2.74,2.13,3.96,5.04,2.79,4.4,2.39,2.22,2.33,1.83,1.77,2.29,1.02,0.97,1.26,4.79,2.23
121,M10,M15,1.59,2.54,0.93,3.28,1.69,2.82,2.79,3.26,0.42,3.87,1.88,0.82,0.37,1.34,0.38,3.29,2.21,3.25,0.48,4.04,0.6,1.17,1.1,0.96,1.72,1.6,1.67,3.47,1.29,2.2,3.13,1.28,2.08,3.23,1.37,3.22,4.16,1.52,3.31,1.73,0.6,1.22,1.3,4.83,2.19,1.81,3.64,2.38
122,M10,M16,2.16,1.27,1.54,2.3,0.31,2.09,2.72,2.69,2.19,2.19,2.3,0.88,0.94,3.48,2.66,0.63,2.56,1.47,2.19,3.29,1.14,2.36,1.31,0.56,2.97,1.18,2.88,4.24,1.67,1.01,3.39,3.58,4.05,2.39,1.06,1.67,2.9,0.23,2.69,0.03,2.54,1.76,1.06,1.08,1.59,3.33,2.34,0.84
123,M10,M17,1.37,3.2,2.63,4.27,2.02,3.52,3.16,2.05,1.19,3.49,1.2,2.6,1.88,1.66,0.87,1.26,0.27,3.42,2.68,4.23,0.91,0.92,0.46,2.17,1.66,2.57,1.8,3.13,1.61,2.8,4.24,1.36,4.73,0.82,1.33,1.45,2.61,2.23,1.72,1.15,0.94,2.16,3.11,1.75,2.41,1.0,1.96,2.06
124,M10,M18,2.19,2.8,1.0,0.25,2.16,2.76,3.63,0.48,1.76,1.37,2.46,3.17,1.13,2.4,1.84,1.69,1.29,3.49,0.86,2.51,3.22,0.84,2.63,3.94,2.17,1.79,1.36,4.95,1.16,1.94,2.56,2.8,2.11,1.11,1.09,1.1,0.57,1.95,1.47,2.44,2.27,3.22,0.89,1.4,1.86,1.91,5.16,1.3
125,M11,M12,0.55,1.33,1.22,3.49,2.1,1.81,1.15,1.8,2.97,2.45,0.91,2.49,3.24,2.02,2.22,2.02,5.31,2.75,3.74,0.69,2.18,1.87,4.05,2.09,3.16,2.55,0.71,1.16,1.09,1.46,0.18,1.58,3.6,0.7,0.59,3.0,3.39,1.72,2.63,4.35,1.21,1.65,3.92,2.42,1.99,0.56,3.14,1.36
126,M11,M13,3.8,2.66,3.62,1.31,2.49,4.77,1.46,1.74,3.36,4.09,2.54,2.62,3.02,4.07,1.14,1.96,5.28,2.52,4.15,0.98,1.83,2.98,0.88,0.61,2.38,1.28,1.37,2.98,5.09,1.4,2.34,2.36,2.06,2.3,1.57,2.66,2.18,1.99,2.46,3.93,1.77,0.31,3.77,1.42,3.46,1.35,2.54,1.61
127,M11,M14,2.93,3.03,1.69,1.67,3.16,0.21,2.21,0.26,3.84,2.08,3.9,1.15,2.58,1.38,2.01,0.67,4.92,3.54,4.76,3.66,2.03,2.81,1.58,1.75,3.29,2.66,4.75,2.11,1.42,1.46,0.7,2.27,3.1,3.66,3.92,2.0,2.39,1.8,2.06,1.4,1.83,3.45,2.06,1.55,2.8,0.98,2.87,2.44
128,M11,M15,1.45,3.17,1.13,1.38,0.63,2.83,1.3,2.38,2.67,4.16,1.69,1.89,0.54,1.32,1.45,2.92,4.06,3.76,3.08,2.91,1.31,2.0,0.5,1.0,1.99,3.02,1.33,0.89,1.07,3.57,0.43,2.71,1.66,0.53,1.02,0.56,2.67,0.56,3.14,1.14,1.79,3.92,1.67,3.7,4.07,1.99,1.33,2.68
129,M11,M16,2.5,3.42,2.41,2.13,0.98,2.95,0.92,0.65,4.5,1.98,1.17,2.5,0.75,3.1,1.94,1.19,3.65,2.04,1.94,2.28,1.32,1.62,0.87,0.79,2.77,2.4,3.01,1.19,1.33,1.36,0.68,1.93,1.16,1.32,1.59,1.97,2.08,1.86,2.52,1.08,0.95,1.55,1.33,2.1,1.4,2.7,0.6,0.59
130,M11,M17,2.2,0.87,3.41,0.96,1.67,0.66,1.46,0.62,1.97,3.7,3.34,2.06,2.47,0.33,1.6,1.41,5.86,3.93,5.53,3.19,0.66,0.52,0.85,1.89,1.18,3.06,1.94,1.73,2.12,2.93,3.24,2.95,1.29,2.87,0.84,2.25,2.8,1.38,1.66,0.6,1.35,3.45,3.19,1.68,0.9,1.64,1.31,2.02
131,M11,M18,1.25,3.44,1.86,3.33,0.93,1.35,1.95,2.47,3.89,1.87,1.86,2.77,1.63,0.94,2.81,0.85,5.37,3.98,2.98,1.29,2.17,0.78,3.57,3.66,2.42,2.8,1.94,0.86,1.13,3.82,1.13,4.09,1.36,2.88,0.76,2.4,2.09,1.26,1.41,1.33,0.82,4.07,1.03,1.75,2.85,1.68,3.27,1.55
132,M12,M13,3.3,2.58,3.18,3.04,4.46,3.57,0.32,1.93,2.03,2.85,3.31,0.18,2.05,3.1,1.95,1.23,0.55,3.09,1.92,1.36,0.53,4.61,3.47,1.84,0.9,1.35,0.77,2.07,4.02,2.57,2.52,1.98,1.59,2.8,1.66,2.38,2.92,2.04,0.2,0.57,1.55,1.66,1.8,1.02,1.82,1.0,4.68,2.85
133,M12,M14,2.54,2.3,2.78,4.02,2.54,1.95,3.34,1.79,1.31,2.27,4.73,3.64,1.72,0.93,4.02,1.87,0.5,1.52,1.42,3.96,1.94,1.66,5.63,1.82,3.61,0.79,4.62,2.61,0.37,0.83,0.52,1.33,0.52,4.34,3.43,4.96,4.17,1.15,3.12,5.55,2.99,2.81,3.41,3.73,1.08,0.86,0.28,3.6
134,M12,M15,1.94,2.15,1.26,4.24,2.55,1.63,2.34,3.6,1.76,1.97,2.44,0.88,3.66,2.59,2.71,1.63,2.48,1.11,0.76,3.43,0.98,0.9,4.54,2.37,4.33,1.67,2.01,1.99,1.6,2.11,0.59,1.4,3.3,1.12,0.64,3.55,2.29,1.85,4.15,5.49,2.96,2.87,3.33,1.33,2.28,1.68,2.4,3.48
135,M12,M16,1.95,3.06,3.16,1.39,2.63,2.17,1.98,2.21,2.09,1.94,1.78,0.65,3.73,2.01,0.36,1.3,1.75,0.77,2.43,2.9,2.06,3.49,3.19,2.84,3.23,1.69,3.36,0.82,2.01,0.18,0.82,2.58,3.46,1.31,1.36,3.79,1.36,1.56,3.45,4.29,1.75,0.79,2.74,4.47,1.46,2.88,3.61,0.97
136,M12,M17,1.83,0.94,3.73,4.39,3.76,1.21,2.6,1.48,0.99,1.75,4.25,2.94,5.07,1.74,2.38,0.65,1.61,1.29,2.16,3.08,2.04,1.56,4.58,0.22,2.78,3.29,2.28,1.96,1.36,1.86,3.38,1.71,4.74,3.15,0.51,4.72,1.16,1.17,1.13,4.91,2.3,3.01,1.02,3.31,2.3,1.13,4.42,0.67
137,M12,M18,1.71,2.37,2.57,2.43,1.97,2.63,3.08,1.39,1.24,0.62,2.44,3.37,4.31,2.08,4.79,1.28,2.53,1.4,0.77,1.67,4.28,2.13,5.26,1.57,4.55,2.3,1.48,0.46,1.39,3.03,1.23,2.56,2.55,3.47,0.65,4.44,3.18,0.93,1.32,4.69,1.79,3.94,2.9,3.75,1.91,1.57,0.16,1.56
138,M13,M14,3.65,1.38,3.89,2.91,4.33,4.97,3.65,1.49,3.26,2.18,3.57,3.77,0.53,3.85,3.08,2.21,0.41,4.55,1.26,2.68,2.12,5.78,2.26,1.14,2.89,1.38,4.05,3.03,3.78,2.11,3.04,0.87,1.07,2.24,4.91,3.96,1.28,0.94,3.07,5.18,3.4,3.7,2.34,2.71,2.29,1.84,4.42,2.48
139,M13,M15,5.23,2.11,2.49,2.68,1.93,1.99,2.64,4.11,3.62,4.18,2.75,0.91,3.14,3.4,0.76,0.98,2.88,4.13,1.7,2.09,0.9,4.95,1.25,0.61,3.43,1.84,2.5,3.5,5.1,4.59,2.06,3.24,1.83,1.77,1.25,2.97,0.84,2.52,4.13,5.06,2.76,4.11,3.97,2.28,0.7,2.41,3.8,3.3
140,M13,M16,2.17,0.89,3.11,1.71,2.75,1.88,2.29,1.47,4.01,4.65,2.96,0.81,3.74,5.01,1.59,1.98,1.93,2.45,3.7,1.72,1.53,1.93,0.69,1.32,2.45,1.33,3.31,1.81,5.5,2.55,2.05,1.44,2.21,3.56,0.86,1.99,1.82,3.3,3.42,3.78,2.7,1.7,3.08,3.45,2.25,3.88,2.83,1.89
141,M13,M17,3.53,3.15,2.18,1.72,1.01,4.15,2.91,1.16,2.12,4.29,2.14,2.95,3.79,4.01,0.57,1.34,2.16,4.31,1.73,2.44,1.58,3.08,1.73,1.68,2.27,2.57,2.3,2.35,3.25,3.38,1.72,3.58,3.28,4.56,1.23,3.12,3.15,0.91,1.04,4.47,1.78,3.72,1.1,2.36,4.01,1.55,2.75,3.52
142,M13,M18,4.48,2.36,2.88,3.8,2.56,4.55,3.4,3.25,3.14,2.85,3.31,3.34,3.26,4.71,2.9,1.14,3.06,4.45,2.16,0.32,3.98,3.43,4.2,3.39,3.66,1.9,0.76,2.52,4.75,5.21,1.85,3.88,0.98,3.57,1.01,2.56,3.79,1.18,1.2,4.4,2.59,4.36,2.94,2.75,3.46,2.51,4.75,3.04
143,M14,M15,3.62,0.79,1.88,0.55,3.07,3.03,1.63,2.63,1.59,4.22,2.31,3.0,2.76,2.37,3.06,3.11,2.5,1.04,1.74,1.64,1.3,0.88,1.09,1.15,2.32,0.88,4.79,1.65,1.97,2.5,1.04,2.43,2.79,3.24,3.67,1.44,2.09,2.22,1.16,0.83,1.23,0.98,3.2,4.88,2.45,1.06,2.17,1.16
144,M14,M16,1.53,1.07,1.22,2.96,4.11,3.15,1.39,0.47,0.79,3.33,3.03,3.63,3.28,1.82,3.81,0.69,1.52,2.1,3.77,2.48,2.95,4.25,2.44,2.43,0.53,1.02,3.01,1.85,2.38,0.95,1.2,2.1,3.04,4.49,4.21,2.21,2.96,2.58,0.47,2.3,1.43,2.16,2.32,0.92,2.54,2.07,3.34,3.03
145,M14,M17,0.73,3.16,2.67,2.17,4.17,0.85,1.08,0.42,2.03,4.02,1.57,2.49,3.66,1.05,3.41,1.23,2.03,1.04,0.79,2.17,2.46,2.77,1.38,1.77,4.13,2.62,3.33,0.74,1.43,1.47,3.87,2.76,4.27,4.55,3.71,1.38,4.24,0.44,2.06,1.2,1.94,0.42,2.4,0.93,2.81,1.12,4.15,4.14
146,M14,M18,4.19,1.0,1.05,2.7,2.28,1.45,0.92,2.6,0.18,1.81,2.56,3.14,3.03,1.17,2.93,1.09,2.79,0.94,2.06,2.37,3.32,2.55,4.08,3.08,2.14,1.57,3.33,2.66,1.75,3.86,1.68,3.01,2.03,2.87,3.97,2.06,4.39,0.57,1.99,1.1,1.26,1.45,1.86,0.4,1.2,0.72,0.4,2.56
147,M15,M16,3.7,1.85,1.95,3.06,1.39,0.74,1.29,2.77,2.0,2.71,0.73,1.35,0.99,4.18,2.36,2.75,1.35,1.88,2.08,0.95,1.74,3.53,1.36,1.43,2.02,0.69,2.3,1.71,0.43,2.22,0.28,3.97,2.66,1.82,0.73,1.87,1.51,1.5,0.72,1.69,2.03,2.42,0.95,5.69,2.92,2.23,1.48,3.21
148,M15,M17,2.92,3.08,2.51,1.68,1.26,2.19,0.56,2.99,1.59,0.59,2.28,2.06,1.94,1.55,0.49,2.04,2.03,0.18,2.53,3.14,1.42,1.9,0.78,2.23,3.17,1.96,1.48,1.61,1.87,1.94,3.16,0.33,2.83,3.19,0.18,1.87,2.78,1.83,3.17,0.62,1.0,1.39,3.02,4.31,4.55,0.96,2.29,3.87
149,M15,M18,1.65,0.29,1.37,3.18,0.83,2.91,0.9,3.27,1.73,2.55,0.58,2.52,1.11,2.26,2.21,2.08,1.31,0.32,0.47,1.82,3.31,1.9,3.7,3.88,0.45,0.89,2.81,1.74,0.35,2.92,1.25,1.52,0.93,2.89,0.4,2.16,3.87,1.65,3.13,1.66,1.77,2.32,1.34,4.84,3.65,0.74,2.55,2.07
150,M16,M17,1.37,3.78,1.48,3.0,1.76,2.38,1.06,0.74,2.79,2.14,2.93,3.38,2.82,2.77,2.03,0.72,2.3,2.06,4.55,3.51,0.66,2.01,1.5,2.63,3.6,1.61,1.08,1.16,2.26,2.04,3.29,4.29,1.48,1.92,0.85,1.14,1.33,2.4,2.44,1.12,2.04,2.3,2.22,1.83,2.2,2.99,0.83,1.64
151,M16,M18,3.62,2.01,0.59,2.46,1.91,2.68,1.47,3.08,0.87,1.81,0.69,3.87,2.05,2.46,4.45,1.07,2.3,2.16,1.72,1.56,3.22,1.71,3.59,4.4,1.94,0.64,3.03,1.07,0.75,2.94,1.49,4.97,2.01,2.75,0.83,0.64,2.51,2.12,2.4,2.41,0.27,3.18,0.49,1.22,3.16,1.59,3.75,1.77
152,M17,M18,3.46,3.3,1.71,4.25,2.06,1.52,0.49,2.48,2.04,2.26,2.8,0.71,0.85,0.77,2.69,0.79,1.25,0.16,2.83,2.29,2.65,1.24,2.93,1.77,3.58,1.08,2.17,2.08,1.51,4.36,2.21,1.49,2.65,1.83,0.27,0.73,2.07,0.28,0.25,1.6,1.8,1.06,2.22,0.63,2.47,1.4,4.56,1.82
