,p0,p1,S09-CBS,S11-SBC,S28-CSB,S15-SBC,S20-SCB,S01-BSC,S19-BCS,S17-CSB,S13-SCB,S24-SCB,S18b-SBC,S07-BCS,S20b-SCB,S08-CSB,S16-BSC,S21-CBS,S04-SCB,S12-CBS,S23-SBC,S10-BCS,S08-BSC,S33-CBS,S12-SCB,S18-SBC,S16-CSB,S27-CBS,S06-CSB,S31-CSB,S14-CBS,S02-CSB,S21b-CBS,S23-SCB,S29-SBC,S10-CSB,S25-BCS,S07-BSC,S22-CSB,S03-CBS,S03-BSC,S17-BCS,S11b-SBC,S13-BCS,S15-CBS,S30-SCB,S26-BSC,S05-BCS,S19-CBS,S01-BCS
0,1,10,2.04,2.33,1.56,1.08,0.87,2.44,1.04,1.03,0.27,0.64,0.26,1.96,0.12,2.62,1.39,3.22,3.65,2.08,1.77,3.69,1.41,2.01,1.22,1.27,1.2,1.74,1.16,1.63,3.12,1.16,1.47,0.7,1.84,1.54,1.41,2.24,2.69,2.77,4.82,3.77,2.21,1.85,4.07,1.33,3.96,5.04,1.71,1.45
1,1,11,3.52,3.0,3.73,1.23,2.02,4.7,3.49,2.66,2.65,2.92,3.5,2.26,0.16,4.37,5.62,4.25,3.66,3.94,3.74,1.87,5.57,2.47,4.79,3.4,2.72,3.97,0.25,1.7,0.43,0.8,1.88,1.93,2.08,0.27,2.78,2.17,0.43,4.55,4.77,3.59,2.26,3.43,1.58,1.91,2.36,4.36,1.2,2.06
2,1,12,1.47,1.55,3.93,2.19,1.37,2.35,2.93,2.0,1.57,3.78,0.36,1.52,1.52,3.22,5.49,1.04,0.64,1.06,2.39,3.88,3.57,1.66,2.65,0.4,1.36,3.03,0.64,2.68,3.95,1.2,1.52,1.63,2.96,0.39,2.02,2.85,0.5,2.75,2.76,3.06,1.41,4.31,3.98,3.29,1.75,2.51,0.85,1.52
3,1,13,1.17,0.73,0.6,3.95,2.47,0.53,2.8,0.52,0.69,3.26,1.76,1.11,0.2,2.08,0.17,1.41,1.9,2.46,1.96,4.28,4.27,2.18,1.43,1.02,1.71,1.78,0.53,0.94,2.84,0.26,0.87,1.88,2.13,0.33,0.37,1.24,1.16,2.65,0.77,1.29,0.75,1.76,1.8,1.15,3.92,1.91,0.91,0.78
4,1,14,0.92,2.27,3.5,2.27,1.14,0.4,0.83,1.02,1.23,2.86,0.52,1.84,2.95,2.35,3.65,2.93,1.95,1.23,1.78,3.74,2.8,2.6,0.54,0.95,0.94,2.71,2.59,2.0,2.3,1.07,0.67,0.41,2.17,2.0,0.92,2.82,3.35,1.54,6.05,3.24,0.14,3.23,3.13,1.15,2.84,1.98,3.66,1.03
5,1,15,0.55,0.35,2.83,3.66,1.37,2.27,3.41,2.5,1.41,2.31,4.5,1.54,2.69,2.21,3.88,2.42,3.27,3.88,2.11,1.85,4.84,2.84,2.7,1.14,1.58,4.08,2.92,1.55,2.77,3.3,1.17,2.24,1.75,0.59,3.41,4.25,3.12,2.13,3.33,1.21,1.85,4.34,3.68,2.49,1.84,0.7,2.37,2.71
6,1,16,1.71,1.93,4.08,2.74,1.06,1.65,1.4,1.85,1.41,3.03,2.81,2.36,0.81,1.06,2.45,0.6,4.23,2.21,4.31,1.34,3.32,2.66,3.77,1.49,2.16,3.83,1.63,0.52,2.69,3.39,1.83,1.82,1.01,1.32,2.78,2.76,2.14,3.82,4.07,2.35,4.67,3.66,1.81,2.12,2.51,0.35,2.4,0.64
7,1,17,4.15,2.07,3.79,2.58,1.66,3.57,3.66,1.69,1.33,3.07,1.89,0.55,3.77,2.29,4.87,4.13,1.55,2.32,3.82,0.66,4.67,2.71,3.64,0.75,3.69,3.78,3.26,2.83,4.04,2.43,2.6,1.17,2.44,0.71,4.8,5.09,2.0,2.91,3.1,1.6,3.28,4.6,2.59,2.79,1.61,2.0,0.8,1.93
8,1,18,3.16,1.14,3.05,3.7,2.07,3.43,2.1,0.86,0.59,4.51,3.03,1.16,3.76,2.17,4.41,4.07,3.21,4.13,3.67,2.34,5.08,2.52,1.75,1.47,2.14,3.46,3.41,1.56,2.44,3.48,1.08,1.62,2.77,0.92,3.24,4.08,3.99,3.48,4.47,2.23,2.07,3.58,1.38,1.42,2.41,1.5,2.25,0.62
9,1,2,1.73,0.18,4.13,1.42,2.94,4.48,4.83,3.96,1.59,5.06,3.44,1.71,3.3,3.36,3.94,4.86,2.99,2.35,3.68,2.67,5.3,2.91,1.59,2.05,3.07,3.42,3.7,2.0,2.49,4.8,1.95,1.24,2.5,0.45,5.88,3.17,2.62,3.81,4.48,1.62,2.54,3.58,2.44,2.72,1.63,1.41,3.21,1.83
10,1,3,2.32,0.95,2.78,1.05,2.59,1.45,1.44,0.7,1.0,1.82,1.76,0.75,1.78,1.94,0.3,1.48,1.41,3.0,2.85,2.45,0.22,2.71,0.66,2.88,1.02,3.33,2.46,2.07,1.08,2.66,1.83,0.46,0.92,2.28,1.71,2.94,2.37,2.8,1.96,1.99,1.5,4.63,1.59,0.45,1.5,3.21,1.29,2.28
11,1,4,2.24,1.58,1.88,1.43,1.13,2.95,1.52,1.27,1.0,2.2,2.28,1.44,1.36,2.15,0.16,1.41,2.27,1.37,2.29,3.8,4.43,2.8,0.92,0.42,1.14,1.52,2.82,1.34,3.11,2.3,1.62,1.86,1.67,1.91,4.62,3.73,4.02,1.26,2.96,2.81,1.75,3.31,3.85,0.29,2.95,1.17,0.43,1.35
12,1,5,2.56,2.22,2.0,2.02,2.56,1.81,3.06,0.96,1.61,0.95,4.1,2.06,1.39,2.76,1.08,1.19,0.89,1.46,0.8,2.32,5.82,2.54,1.65,2.13,2.68,2.07,1.2,1.15,3.97,2.48,1.36,2.11,1.8,2.05,3.27,0.7,0.51,0.98,1.43,1.45,1.74,2.44,3.8,0.41,1.14,3.39,2.49,1.0
13,1,6,3.53,1.71,2.6,3.29,2.42,4.36,1.66,2.28,1.87,3.44,1.81,0.84,4.47,2.65,4.08,3.11,1.76,1.44,0.74,1.21,4.71,3.34,3.45,2.45,1.55,2.1,3.58,1.39,5.09,2.65,2.51,1.93,3.46,2.5,3.27,1.28,2.58,1.87,4.2,1.05,2.67,1.13,1.92,0.85,2.19,1.7,1.17,0.76
14,1,7,0.22,2.81,5.37,2.19,3.21,1.87,2.95,3.6,1.2,3.79,3.38,2.61,2.18,3.65,2.61,4.34,2.89,0.8,2.7,3.14,5.55,3.71,2.93,3.32,2.93,2.64,2.92,1.56,4.98,2.82,1.24,2.41,2.13,0.88,3.36,3.42,3.36,1.14,4.15,1.92,2.27,3.13,1.24,2.26,1.1,0.77,2.64,2.5
15,1,8,0.93,1.08,1.76,0.97,0.6,1.32,0.55,1.15,0.46,1.8,0.78,1.29,1.29,2.17,0.3,3.32,0.89,1.51,3.75,2.11,1.93,2.47,0.91,0.5,2.09,1.59,1.71,1.31,4.16,1.53,0.84,1.75,1.92,0.77,1.82,2.48,2.31,2.61,2.18,2.28,0.94,1.83,3.35,0.77,1.45,2.72,2.78,2.44
16,1,9,2.68,1.66,3.5,1.41,2.28,2.18,1.17,2.44,1.85,1.29,0.16,0.98,2.56,2.51,0.32,0.38,0.44,1.21,1.97,2.05,2.05,1.65,1.1,0.55,1.56,0.62,2.11,1.86,3.17,0.64,1.84,1.34,1.66,1.69,2.18,1.35,0.8,2.73,2.84,3.54,1.17,2.9,3.1,1.35,1.88,4.13,1.7,1.98
17,10,11,2.43,1.67,2.18,2.14,2.48,3.72,2.98,1.84,2.75,3.53,3.67,0.57,0.09,2.16,4.24,2.3,2.92,2.51,3.28,3.39,4.6,2.76,4.44,4.37,3.82,3.84,0.91,2.68,3.53,1.07,0.67,1.25,1.49,1.28,1.44,0.46,3.12,5.17,0.43,5.62,0.44,3.67,2.74,1.97,1.75,1.97,2.9,3.1
18,10,12,0.72,0.93,4.05,2.6,1.3,1.5,2.93,2.34,1.34,4.3,0.62,3.46,1.63,0.95,4.11,2.26,4.28,1.23,1.76,2.14,2.17,3.3,1.46,1.01,2.37,3.22,0.63,1.81,1.19,0.43,0.11,1.31,2.58,1.52,1.0,0.78,2.49,3.42,2.45,1.39,1.49,3.5,0.14,2.17,2.25,2.53,1.52,0.59
19,10,13,2.77,2.87,1.54,4.16,2.92,2.08,2.97,1.07,0.43,3.9,1.54,3.03,0.29,1.64,1.53,2.31,1.87,0.4,1.57,0.59,3.23,3.92,2.63,2.13,1.95,3.4,0.64,2.57,0.41,1.16,2.26,1.36,3.94,1.21,1.74,2.43,3.06,2.69,4.81,2.52,2.33,1.24,2.31,0.77,3.02,3.17,2.42,2.09
20,10,14,1.3,0.21,1.99,1.87,1.69,2.24,0.73,1.27,1.16,3.35,0.62,0.47,2.9,1.11,2.4,1.21,2.81,3.24,0.29,1.92,1.54,1.86,1.33,2.15,2.14,3.6,1.44,2.27,1.05,1.5,2.14,1.11,3.78,2.48,1.53,0.6,3.1,1.75,1.38,0.88,2.35,1.49,1.85,0.97,2.06,3.1,3.94,1.81
21,10,15,2.2,2.07,2.46,3.81,2.14,0.31,2.79,1.53,1.44,2.95,4.56,1.89,2.6,0.41,2.58,0.89,1.38,3.4,2.87,2.18,3.89,2.65,1.95,2.09,2.55,5.66,2.89,1.12,1.28,3.19,2.47,1.56,3.43,0.97,2.63,2.2,4.45,3.85,2.23,3.78,1.41,3.23,1.24,2.45,2.21,4.42,4.08,4.09
22,10,16,2.26,1.78,2.9,2.71,1.92,2.45,0.39,1.23,1.57,3.67,2.81,1.77,0.8,2.86,1.06,2.76,0.93,2.77,2.69,3.1,2.2,2.68,2.6,1.55,3.23,3.96,2.24,1.25,0.6,2.93,0.63,1.39,2.58,0.31,2.31,0.61,2.85,4.13,0.76,2.39,2.65,3.58,2.26,1.95,1.7,5.2,4.11,1.5
23,10,17,2.22,2.44,2.88,3.12,2.49,1.25,3.18,2.29,1.6,3.71,1.74,1.51,3.68,2.85,3.53,1.74,2.99,0.62,4.09,3.86,3.73,2.38,3.19,1.61,4.68,4.54,2.45,3.17,1.56,1.52,3.91,0.51,3.87,1.54,3.75,2.88,3.48,4.23,2.16,4.39,2.25,4.22,3.62,4.02,2.54,3.68,1.51,2.42
24,10,18,2.44,1.83,3.33,2.81,2.04,2.09,3.11,0.31,0.83,5.16,3.05,2.03,3.77,0.77,3.09,1.4,1.75,3.84,4.08,3.38,3.96,2.05,0.56,2.7,2.93,3.98,3.03,2.19,0.84,2.68,2.24,0.94,3.95,2.34,3.24,1.86,4.33,4.66,0.51,3.2,1.17,3.46,2.75,1.63,1.72,4.52,3.92,1.63
25,10,2,2.01,2.36,3.33,1.78,3.34,2.04,4.15,2.93,1.7,5.69,3.6,0.54,3.24,1.57,2.56,3.01,1.1,2.26,3.86,1.9,4.15,2.81,1.31,3.02,4.12,3.65,2.81,3.28,1.02,4.56,3.42,0.89,3.46,1.9,4.89,0.93,3.71,4.89,0.56,4.97,1.25,3.19,1.69,3.79,2.37,5.98,4.67,2.5
26,10,3,0.62,3.1,1.29,0.39,2.16,1.83,0.66,0.71,1.19,2.44,1.66,2.19,1.86,1.99,1.2,2.15,5.05,1.04,1.23,1.88,1.64,4.39,1.74,3.77,2.04,4.85,1.42,3.44,2.25,3.45,0.91,1.14,2.76,2.99,2.23,0.72,3.15,2.92,2.9,3.06,1.53,3.98,2.6,1.18,2.87,1.89,2.29,0.93
27,10,4,3.12,1.09,1.13,1.5,0.74,1.13,2.06,0.23,1.26,2.73,2.17,0.76,1.28,0.51,1.35,2.77,1.39,2.34,3.3,1.49,3.32,4.73,0.98,1.03,0.62,2.76,2.05,1.27,3.36,1.77,2.32,2.55,3.44,2.88,3.52,1.86,3.45,2.9,1.93,1.17,1.92,1.6,1.15,1.6,2.38,3.87,1.84,0.76
28,10,5,0.81,1.06,0.72,2.3,3.19,1.08,2.61,0.73,1.88,1.33,4.15,3.73,1.31,1.08,1.99,2.89,4.52,2.19,0.97,1.91,4.96,2.88,2.54,1.21,3.71,2.18,0.22,2.45,1.52,1.44,2.58,1.42,3.2,1.06,2.04,1.75,2.41,3.1,3.42,2.47,1.38,2.06,1.19,1.73,3.3,1.72,3.76,0.51
29,10,6,2.57,1.81,3.1,2.86,2.49,2.39,1.47,1.57,1.8,4.08,1.61,2.4,4.4,1.7,2.7,0.66,2.4,2.75,2.45,4.74,3.72,2.55,3.09,3.64,2.62,1.39,2.64,2.92,2.94,1.89,3.54,1.3,3.82,3.94,2.26,1.3,4.09,2.45,0.63,4.7,1.52,0.74,2.44,1.9,2.19,3.65,1.54,1.46
30,10,7,2.0,2.31,4.73,1.8,3.79,1.3,2.71,2.59,1.29,4.37,3.35,0.94,2.06,1.12,1.73,2.71,2.38,2.48,2.17,1.35,4.42,4.06,2.35,4.6,3.93,4.21,2.05,0.11,3.6,2.06,2.71,1.79,3.53,2.33,2.82,1.23,4.69,2.54,1.86,5.01,0.51,3.07,3.72,2.27,3.59,4.35,4.34,3.56
31,10,8,1.59,3.39,1.11,0.31,0.37,1.49,0.77,1.15,0.36,2.32,1.02,2.59,1.22,0.45,1.53,1.68,4.5,2.46,2.06,1.6,0.58,4.36,0.48,0.86,0.99,2.75,0.64,0.33,2.33,0.59,2.23,2.41,1.12,0.78,0.96,1.74,1.37,1.72,2.71,3.43,1.57,1.82,1.12,0.67,2.93,2.36,2.12,0.99
32,10,9,3.89,1.18,2.66,1.33,2.22,1.02,2.14,2.06,1.57,1.37,0.41,1.99,2.46,4.3,1.09,3.57,3.87,2.82,0.91,1.83,1.04,2.05,2.16,0.98,2.38,1.2,1.1,3.02,1.03,0.53,0.65,2.0,2.91,0.65,2.4,0.97,2.45,3.33,2.93,0.27,2.45,1.22,0.99,2.38,2.19,1.76,2.97,0.55
33,11,12,2.97,2.3,5.34,1.4,3.38,2.52,1.58,4.16,3.93,1.37,3.33,3.68,1.67,1.24,0.25,3.24,4.2,3.55,1.54,4.55,3.45,1.97,4.9,3.81,1.47,1.03,0.4,2.51,4.31,0.8,0.56,1.82,1.11,0.46,0.99,0.68,0.83,1.9,2.58,5.76,1.8,2.17,2.62,2.41,0.65,2.18,1.86,2.78
34,11,13,3.4,3.71,3.69,3.16,4.14,4.77,2.04,2.88,3.1,0.92,4.13,3.26,0.35,3.8,5.77,4.04,3.24,2.24,4.81,3.95,1.37,2.43,5.26,2.39,3.96,3.99,0.31,1.71,3.23,1.02,2.73,1.41,4.05,0.1,3.14,2.6,1.24,2.49,4.82,4.24,2.23,2.43,0.57,1.21,2.29,2.55,0.69,1.31
35,11,14,2.64,1.88,0.44,2.4,2.92,4.83,2.67,2.09,1.88,1.19,3.06,1.04,2.97,2.03,2.37,1.46,4.35,5.15,3.58,4.35,4.84,1.31,4.3,3.32,2.04,2.27,2.35,1.02,2.67,0.44,2.52,2.33,3.18,2.05,2.57,0.75,3.62,3.78,1.3,4.75,2.39,3.76,2.48,1.03,0.88,2.49,3.66,1.29
36,11,15,3.25,2.65,3.63,2.95,1.14,3.51,0.4,0.67,1.39,0.84,2.1,2.43,2.65,2.44,1.99,2.26,1.55,1.83,2.3,2.66,0.74,0.66,2.6,3.9,1.34,5.09,2.93,1.77,3.1,2.52,2.98,0.33,2.99,0.34,1.89,2.55,3.13,2.58,2.45,2.48,1.07,2.79,2.13,0.58,1.08,3.93,1.19,3.02
37,11,16,2.24,3.33,2.61,2.36,2.1,3.19,2.71,2.64,3.7,1.03,2.34,2.33,0.88,4.13,3.2,3.65,2.52,5.25,5.18,0.63,2.41,0.37,3.93,3.09,0.6,0.59,1.76,1.6,3.07,2.59,0.05,1.63,2.2,1.05,2.07,0.61,2.37,1.06,0.85,3.24,2.44,0.62,0.81,0.35,0.19,4.39,1.35,2.65
38,11,17,1.99,1.71,3.13,1.59,2.61,3.12,0.22,4.13,2.89,1.04,3.57,1.74,3.73,3.34,1.12,0.67,2.13,2.99,1.6,1.37,0.91,0.8,1.26,2.78,1.19,2.13,3.1,1.38,4.38,1.82,4.44,0.96,3.06,0.66,2.51,3.1,2.07,1.75,2.33,2.0,1.81,1.6,1.59,3.13,0.81,2.49,1.61,3.81
39,11,18,0.6,1.94,4.87,4.2,1.27,1.63,4.66,2.14,2.18,1.93,2.2,2.53,3.85,2.23,1.54,1.07,1.18,2.3,1.85,3.82,0.89,1.0,4.15,2.2,1.47,1.44,3.34,0.59,2.82,2.77,2.8,0.31,2.93,1.16,3.27,2.09,4.16,1.25,0.3,5.71,0.79,0.69,0.37,0.49,0.06,4.46,1.06,2.56
40,11,2,2.01,2.92,3.62,1.07,0.92,3.83,1.46,2.21,1.06,2.95,0.32,1.11,3.3,1.07,1.68,0.72,1.93,2.12,1.32,1.6,0.95,0.59,3.26,1.36,0.49,0.86,3.52,0.76,2.85,4.01,3.81,1.15,2.34,0.66,3.67,1.13,2.72,0.95,0.29,2.35,0.81,1.19,1.06,2.55,0.76,4.88,2.2,3.62
41,11,3,1.82,3.36,1.0,2.23,4.56,5.16,2.32,1.99,3.3,1.12,3.23,2.31,1.93,2.79,5.43,3.89,4.73,2.8,4.14,3.15,5.74,2.62,4.57,0.63,1.79,4.28,2.25,1.01,1.4,2.38,1.51,2.38,2.83,2.38,2.96,0.86,2.55,2.26,2.9,2.61,1.27,2.05,1.17,1.47,1.12,2.21,1.4,4.03
42,11,4,2.74,1.46,2.65,1.43,3.07,4.79,2.85,1.69,2.83,1.09,3.4,1.3,1.34,2.63,5.59,4.5,2.82,4.72,2.74,4.2,1.35,3.55,5.29,3.4,3.46,3.03,2.66,1.5,3.18,1.53,2.96,3.78,3.13,2.0,2.24,2.28,4.31,3.29,2.0,4.48,2.28,3.72,2.3,2.09,1.23,3.26,1.1,3.33
43,11,5,1.67,2.71,2.06,1.45,0.89,4.61,0.46,2.55,2.91,2.39,2.02,3.79,1.36,1.61,6.09,3.29,4.42,4.61,3.42,3.03,0.63,0.11,4.16,4.4,0.42,1.9,0.97,2.59,4.31,1.98,3.13,0.47,2.47,1.85,0.72,1.82,0.82,5.52,3.34,3.6,1.75,1.68,2.25,2.11,1.55,2.19,1.77,2.87
44,11,6,0.23,3.3,4.84,3.27,1.15,2.1,1.86,0.46,4.52,1.49,4.07,2.52,4.45,1.96,1.54,2.96,3.81,3.63,3.83,2.03,0.88,1.55,1.36,1.44,1.2,2.44,3.39,1.14,5.37,1.94,4.15,1.02,2.38,2.76,1.28,1.49,2.58,2.99,0.68,4.1,1.08,3.61,0.35,1.47,0.51,3.57,1.89,2.79
45,11,7,3.63,0.96,4.97,2.34,1.35,4.86,0.94,1.47,1.46,1.02,2.83,0.39,2.05,1.19,4.04,0.47,0.86,3.84,1.14,2.24,0.85,1.34,2.12,2.69,0.61,4.16,2.75,2.57,5.17,2.11,3.1,0.71,2.74,1.13,2.33,1.54,3.36,3.5,1.47,1.91,0.06,0.71,1.0,0.35,1.84,3.59,1.44,3.74
46,11,8,3.66,4.01,2.74,1.91,2.45,3.49,2.94,1.82,2.44,1.41,2.78,2.61,1.29,2.44,5.76,3.99,4.46,4.85,3.1,2.03,4.06,3.11,4.21,3.57,4.47,2.9,1.48,2.48,4.43,1.09,2.49,3.56,0.37,0.5,1.22,1.28,2.71,3.46,2.72,5.81,1.47,1.89,2.34,2.11,1.18,1.91,3.5,4.01
47,11,9,3.53,2.67,3.11,2.6,1.39,2.94,3.84,1.2,3.72,2.91,3.46,2.03,2.5,5.12,5.32,4.63,4.09,3.95,2.38,1.63,3.61,0.87,4.55,3.41,1.66,4.09,1.9,0.43,3.51,0.72,0.04,3.25,2.13,1.47,2.85,1.11,1.03,1.96,3.11,5.54,2.27,4.77,1.88,3.23,0.49,0.36,1.22,3.49
48,12,13,2.4,1.99,3.34,1.79,1.82,2.3,0.47,1.51,0.91,2.14,2.1,0.42,1.35,2.59,5.64,1.24,2.5,1.63,3.26,2.26,2.24,0.62,4.07,1.42,2.9,2.96,0.36,3.45,1.21,1.28,2.33,0.57,4.67,0.43,2.39,3.2,0.82,0.8,2.51,1.79,1.99,2.62,2.21,2.17,2.75,0.65,1.74,1.97
49,12,14,0.99,0.8,5.45,1.7,1.03,2.39,2.3,3.01,2.09,0.97,0.64,3.37,3.53,1.0,2.16,1.89,2.34,2.07,2.05,0.24,1.5,2.9,2.79,1.14,1.09,1.34,2.06,1.54,1.65,1.19,2.19,1.93,3.39,1.62,1.62,0.4,2.85,1.89,3.82,1.73,1.51,2.71,1.87,2.24,1.39,0.59,4.4,1.51
50,12,15,1.76,1.37,1.71,1.55,2.63,1.21,1.86,3.72,2.55,2.17,4.5,2.77,3.78,1.2,1.79,1.41,3.9,3.98,1.85,2.06,2.93,2.6,2.33,1.12,0.23,4.23,3.1,1.13,1.31,2.76,2.54,2.12,3.35,0.59,1.63,2.16,2.75,1.27,0.6,3.5,2.15,0.75,1.11,2.41,0.65,1.92,2.92,4.23
51,12,16,2.21,1.05,3.36,1.12,1.89,1.34,2.85,1.84,2.22,2.35,2.91,3.73,1.63,3.16,3.09,0.5,4.87,1.79,3.96,4.03,1.52,2.32,1.7,1.68,0.87,0.8,2.1,2.16,1.31,2.52,0.52,0.34,2.74,1.37,1.4,0.2,1.65,1.07,1.73,2.69,4.14,1.56,2.18,2.1,0.82,2.67,2.8,1.8
52,12,17,2.93,2.41,2.59,0.56,2.17,1.8,1.57,0.6,2.72,2.35,2.17,1.96,4.77,2.71,0.88,3.1,2.06,1.3,2.46,4.35,2.83,2.64,3.67,1.11,2.34,1.63,3.01,2.1,0.46,1.26,3.99,1.02,3.09,1.07,2.82,2.52,1.61,0.98,0.35,4.14,3.45,1.13,3.49,5.46,0.44,1.47,1.46,2.89
53,12,18,2.85,1.5,0.9,3.58,3.26,1.08,3.41,2.04,2.16,2.64,3.11,2.29,3.6,1.05,1.32,3.03,3.82,4.34,2.53,2.22,2.59,2.65,1.13,1.85,0.92,0.89,3.41,1.93,1.53,2.37,2.33,1.66,2.74,0.82,2.49,1.54,3.52,1.26,2.29,1.88,2.15,1.48,2.65,2.54,0.7,2.29,2.91,1.9
54,12,2,2.02,1.62,2.35,0.83,4.3,2.86,2.95,4.55,2.93,3.86,3.31,3.23,4.02,0.73,1.56,3.89,3.63,2.54,2.2,3.54,2.67,2.56,2.42,2.45,1.75,0.43,3.4,3.27,1.46,4.13,3.47,2.14,2.13,0.8,3.94,0.65,2.19,1.48,2.35,4.54,2.48,1.03,1.58,4.95,0.12,3.49,4.0,2.93
55,12,3,1.25,2.43,4.98,2.87,1.33,2.64,2.41,2.57,2.03,2.21,2.0,1.43,1.06,1.95,5.31,1.19,0.79,2.0,2.74,1.46,3.8,1.09,3.2,3.27,0.34,3.38,2.04,3.51,2.93,3.16,1.0,1.82,3.53,1.93,1.97,0.41,1.89,0.64,0.93,3.17,1.98,0.56,2.53,2.93,0.8,0.83,2.1,1.38
56,12,4,3.02,1.06,2.96,1.15,0.6,2.63,1.72,2.47,2.39,1.59,2.53,2.96,2.46,1.39,5.47,1.57,2.9,1.17,2.39,0.67,2.13,1.64,2.06,0.58,1.99,2.0,2.59,1.37,3.15,1.36,2.42,3.1,3.57,2.29,2.62,2.06,3.52,1.49,0.66,1.62,0.53,2.61,1.02,3.57,1.66,1.35,1.26,1.32
57,12,5,1.48,0.77,3.56,0.37,3.88,2.15,1.26,1.62,3.01,3.0,4.11,1.07,2.52,0.64,6.0,0.85,0.25,1.07,1.93,1.6,4.0,1.97,3.98,2.05,1.35,1.07,0.76,3.79,0.46,1.29,2.67,1.6,2.68,1.82,1.28,2.46,0.84,3.72,1.7,2.19,0.33,1.88,1.06,3.67,1.13,1.0,3.33,0.91
58,12,6,3.08,0.99,1.44,2.21,3.67,2.11,1.46,3.91,1.31,2.72,2.15,1.24,5.32,1.3,1.41,2.28,2.26,2.25,2.69,5.08,2.71,3.42,3.71,2.84,0.29,1.92,3.24,3.37,1.79,1.55,3.63,0.97,1.56,2.42,1.3,2.06,2.22,1.09,1.89,3.8,2.72,3.87,2.32,3.45,0.74,1.39,1.78,1.8
59,12,7,1.38,2.64,2.46,1.67,4.54,2.4,0.66,4.54,2.53,0.62,3.51,4.01,3.66,0.58,4.02,3.38,3.46,1.74,0.41,3.23,2.92,2.75,2.83,3.63,1.58,3.19,2.62,1.75,2.65,1.73,2.76,2.52,2.84,0.81,1.85,1.14,2.99,1.64,2.84,4.7,1.85,1.68,3.6,2.43,1.42,1.82,3.22,3.89
60,12,8,0.88,2.56,2.95,2.29,1.05,1.04,2.49,3.11,1.53,1.99,0.55,1.48,2.34,1.2,5.64,2.75,0.27,1.3,2.23,2.56,1.66,1.2,1.92,0.53,3.01,1.86,1.26,1.97,1.4,0.34,2.25,3.25,1.47,0.83,0.24,1.51,1.9,1.81,0.74,2.1,1.54,2.51,1.13,2.82,0.85,0.28,3.19,1.24
61,12,9,3.71,0.38,2.42,3.56,3.46,0.5,2.79,4.31,0.79,3.29,0.21,1.8,3.73,4.39,5.2,1.42,0.5,2.15,0.85,3.0,1.9,1.67,3.62,0.68,0.48,3.24,1.71,2.94,0.84,0.61,0.54,2.37,2.36,1.52,1.9,1.71,1.17,0.1,0.65,1.13,2.33,4.18,0.93,4.52,0.25,1.86,2.54,0.73
62,13,14,1.48,2.77,3.53,2.6,1.33,0.17,2.28,1.51,1.36,2.1,1.63,2.95,2.88,2.35,3.81,2.58,1.15,3.64,1.3,2.06,3.52,3.47,1.42,1.18,1.94,1.9,2.05,2.43,0.65,1.32,0.46,2.24,1.87,1.98,1.19,3.01,2.51,1.41,6.11,2.12,0.77,1.84,1.92,0.2,1.41,0.07,3.09,0.72
63,13,15,0.67,1.07,2.26,0.4,3.06,1.96,2.3,2.6,1.74,0.96,4.27,2.44,2.71,1.44,4.04,1.81,2.1,3.33,3.88,2.71,0.71,3.09,3.72,1.7,3.13,2.3,2.75,2.35,0.89,3.53,0.35,1.69,1.56,0.26,3.77,3.93,1.95,1.84,3.03,1.81,1.49,2.59,1.93,1.72,3.34,1.38,1.8,2.47
64,13,16,1.17,2.0,3.67,1.55,2.05,1.92,2.95,1.5,1.73,0.32,2.34,3.36,0.7,2.88,2.58,1.39,2.65,3.1,2.83,3.68,1.04,2.8,5.1,1.48,3.51,3.61,1.76,1.4,0.19,3.59,2.69,0.26,1.94,1.01,3.12,3.04,1.21,1.47,4.04,1.8,4.5,2.38,0.28,1.24,2.12,2.03,2.03,1.34
65,13,17,4.55,2.76,3.31,1.62,1.74,3.28,2.03,1.28,1.95,0.29,0.69,1.54,3.78,3.57,5.02,3.71,1.96,0.75,5.39,4.46,0.6,3.16,4.31,0.58,5.09,2.85,2.8,3.07,1.48,2.54,1.73,0.9,2.43,0.74,5.17,4.95,0.84,1.77,2.86,2.43,2.82,3.12,2.09,3.48,2.52,1.0,0.99,2.53
66,13,18,2.88,1.87,2.46,4.04,4.52,3.37,3.02,0.79,1.26,1.26,2.62,1.96,3.62,1.92,4.57,3.51,2.26,3.79,5.32,3.81,0.84,3.21,3.13,0.67,3.78,2.9,3.1,1.89,0.45,3.62,0.49,1.34,3.05,1.18,3.5,4.03,2.92,2.06,4.52,1.62,1.79,2.26,0.45,0.86,2.24,1.98,1.54,1.26
67,13,2,1.39,0.85,3.61,2.54,5.02,4.11,3.41,3.88,2.07,2.08,3.94,2.81,3.26,3.15,4.09,4.74,1.66,2.34,5.19,2.41,1.09,3.02,2.52,1.05,4.41,3.19,3.22,1.62,0.61,5.03,1.21,2.03,3.22,0.75,6.25,3.28,1.48,2.24,4.54,2.75,2.27,2.07,0.64,3.14,2.8,2.84,2.31,2.36
68,13,3,2.81,1.18,2.83,4.49,2.59,0.92,2.53,1.08,1.41,1.53,0.95,1.04,1.59,2.79,0.37,0.16,3.28,0.84,1.66,2.34,4.45,0.54,0.96,1.88,2.6,1.58,1.94,1.57,1.91,2.89,2.38,2.17,1.24,2.33,1.92,3.12,1.34,0.23,1.92,1.89,1.12,3.01,0.77,0.77,2.46,1.46,0.73,2.98
69,13,4,1.25,2.27,1.48,2.68,2.37,2.45,1.43,1.28,1.61,1.9,1.15,2.55,1.36,1.23,0.19,0.48,0.56,2.72,4.17,1.59,0.29,1.12,2.21,1.1,2.39,1.02,2.36,2.09,2.96,2.48,1.28,3.53,1.24,2.09,4.99,3.32,3.21,1.58,2.88,1.7,2.41,1.87,2.09,1.42,1.09,0.74,0.59,2.12
70,13,5,3.0,2.52,1.77,1.94,4.28,1.32,1.69,0.63,2.24,2.97,3.82,1.19,1.4,2.56,0.95,2.04,2.73,2.56,1.57,2.39,1.82,2.41,1.15,2.61,4.06,2.52,0.67,0.98,1.43,2.55,0.6,1.1,2.26,1.76,3.64,0.88,1.63,3.59,1.68,0.79,2.28,0.87,2.04,1.51,2.79,1.63,1.59,1.72
71,13,6,3.33,1.77,2.04,2.32,4.83,4.19,1.54,2.55,1.56,0.58,0.11,0.87,4.46,2.96,4.23,1.97,0.62,3.03,2.65,5.33,0.51,3.94,4.04,1.51,2.99,3.18,3.08,0.8,2.83,2.79,1.77,0.43,4.54,2.79,3.64,1.14,1.42,0.78,4.19,2.18,2.33,1.3,0.52,1.35,2.01,1.19,1.22,1.48
72,13,7,1.39,3.53,4.81,2.63,4.93,1.35,1.1,3.63,1.66,1.62,2.6,3.59,2.31,2.69,2.67,4.28,2.4,2.82,3.67,1.81,1.32,2.97,3.8,2.68,4.34,0.87,2.44,2.49,3.36,2.97,0.57,2.11,2.36,1.16,3.7,3.35,2.2,1.53,4.43,2.94,2.22,1.85,1.53,1.52,2.89,1.18,2.0,2.71
73,13,8,2.08,0.65,1.34,3.86,2.57,1.28,2.42,1.6,0.66,2.13,2.24,1.2,1.28,1.47,0.19,1.95,2.7,2.83,3.33,2.2,2.69,0.68,2.24,1.27,2.88,1.15,1.18,2.25,2.12,1.6,0.9,3.59,3.98,0.45,2.19,3.37,2.13,1.03,2.1,1.79,0.76,0.6,1.79,0.97,2.5,0.82,2.81,3.07
74,13,9,1.52,1.97,3.01,5.27,4.74,2.03,2.49,2.84,1.2,3.56,1.92,1.42,2.6,4.46,0.45,1.61,2.05,3.14,2.45,2.42,2.26,2.25,0.73,1.16,3.22,2.4,1.59,1.64,0.76,0.67,2.7,2.83,2.46,1.38,2.43,1.5,1.94,0.71,2.42,2.28,0.43,2.39,1.38,2.46,2.51,2.28,0.82,2.58
75,14,15,0.91,2.03,3.74,2.2,1.93,2.11,2.58,2.19,0.53,1.69,3.98,1.46,1.28,0.98,0.38,0.82,3.25,4.91,3.08,1.9,4.23,0.89,2.37,0.58,1.31,2.89,3.14,1.16,0.65,2.25,0.81,2.63,0.46,1.97,2.69,1.84,2.17,2.11,3.6,3.03,1.96,2.17,2.56,1.56,1.94,1.45,4.28,3.19
76,14,16,1.26,1.58,2.93,1.05,1.0,1.91,0.9,2.47,2.63,2.19,2.3,1.32,2.18,2.16,1.7,2.35,3.68,2.26,2.57,3.83,2.57,1.04,3.68,2.32,1.58,1.79,3.24,1.64,0.46,2.48,2.48,2.16,1.21,2.52,1.98,0.22,1.3,2.84,2.1,1.53,4.81,3.43,1.67,1.1,0.72,2.1,4.75,1.67
77,14,17,3.26,2.55,3.38,2.24,1.14,3.43,2.85,2.71,2.3,2.2,1.57,1.5,1.58,1.79,1.34,1.21,2.75,3.37,4.36,4.19,4.11,0.61,3.19,1.38,3.16,1.08,1.68,0.93,1.77,2.02,2.08,1.57,0.56,2.69,4.18,2.35,2.02,2.55,3.54,3.62,3.39,3.7,3.96,3.33,1.26,1.02,2.95,2.96
78,14,18,2.34,1.88,4.92,1.9,3.19,3.47,2.6,1.36,1.21,3.01,2.52,1.67,1.76,0.43,0.86,1.17,3.41,5.1,4.34,2.21,4.02,0.31,1.75,1.13,2.01,1.0,2.81,0.54,0.2,2.84,0.92,2.02,1.2,1.65,2.33,1.34,1.28,3.04,1.6,3.21,2.19,3.29,2.25,0.66,0.84,2.03,3.81,1.64
79,14,2,1.13,2.31,3.88,1.35,3.82,4.28,4.0,3.89,1.02,4.11,2.98,0.14,0.55,1.01,1.1,2.17,2.8,3.41,4.13,3.31,4.13,1.06,1.19,2.12,2.47,1.4,1.78,1.77,0.22,3.77,1.29,1.55,1.49,2.34,5.2,0.38,1.61,3.31,1.57,4.25,2.67,2.86,1.73,2.97,1.45,2.91,3.17,2.85
80,14,3,1.44,3.07,0.71,2.26,2.31,1.06,0.72,0.58,2.21,1.5,1.37,2.23,2.66,0.98,3.54,2.43,3.06,4.07,1.1,1.3,3.01,3.77,0.46,2.93,0.91,2.04,0.53,2.03,1.3,1.97,2.44,0.19,1.59,0.58,0.84,0.12,1.26,1.62,4.2,2.23,1.61,3.26,1.57,0.73,1.35,1.4,2.41,2.74
81,14,4,2.04,1.17,2.64,0.98,1.35,2.62,1.34,1.43,2.03,0.7,1.9,0.43,1.71,1.19,3.66,3.05,1.69,1.56,3.49,0.47,3.48,4.54,1.38,1.36,2.05,1.23,1.48,1.01,2.46,1.55,1.68,1.45,0.73,3.86,4.04,1.68,0.7,1.17,3.28,0.43,1.82,0.12,2.6,1.41,0.37,0.81,3.24,2.1
82,14,5,1.66,0.85,2.02,1.33,3.21,1.48,2.25,1.71,2.5,2.03,3.58,3.77,1.72,0.42,4.39,2.19,2.5,1.77,1.0,1.44,5.34,1.41,1.25,3.08,2.13,1.63,1.39,3.11,1.71,2.25,1.06,2.53,0.72,1.96,2.88,2.35,3.58,2.33,4.63,1.82,1.84,2.15,2.6,1.48,1.78,1.57,2.35,1.61
83,14,6,2.68,1.62,4.84,1.03,3.52,4.31,0.89,1.64,2.92,2.67,1.66,2.43,1.86,0.63,1.11,1.77,0.54,2.09,2.49,4.94,4.03,0.77,2.97,2.07,1.1,2.64,1.56,2.07,2.99,2.04,2.22,2.32,2.83,2.47,2.69,1.88,2.2,0.81,1.94,4.24,2.79,2.21,2.38,1.23,0.68,1.22,2.65,1.79
84,14,7,0.99,2.48,5.26,0.07,3.88,1.51,2.2,3.35,0.74,1.25,2.89,1.39,2.77,1.56,3.17,1.74,3.5,1.5,2.45,3.0,4.39,2.37,2.54,2.55,2.41,1.91,1.25,2.16,3.27,2.2,0.58,2.78,0.59,1.7,2.55,0.82,2.32,0.82,2.35,4.25,2.4,3.06,3.38,1.35,2.0,1.25,4.26,3.37
85,14,8,1.14,3.31,2.71,1.63,1.33,1.36,0.28,0.28,0.81,1.06,0.61,2.69,1.71,0.93,3.86,2.76,2.44,1.62,2.2,2.34,1.44,4.1,0.88,1.45,3.03,1.13,0.9,2.18,2.14,1.44,0.44,1.36,3.28,2.19,1.38,1.84,1.77,1.08,4.02,3.44,1.06,2.35,0.74,1.1,1.41,0.74,2.2,2.72
86,14,9,2.72,1.0,3.33,3.18,3.41,2.14,1.61,1.52,1.84,2.32,0.59,2.1,1.51,3.41,3.4,3.31,1.84,1.69,1.2,2.78,2.07,1.24,0.84,1.48,1.53,3.15,0.69,1.44,0.89,1.15,2.49,0.99,1.06,2.01,1.26,1.57,3.87,1.83,4.31,0.87,1.2,1.55,1.22,2.49,1.14,2.22,2.46,2.21
87,15,16,1.23,1.94,2.02,1.16,1.01,2.15,2.49,2.07,2.71,0.79,1.93,0.99,2.16,2.47,1.75,1.91,1.21,5.77,5.5,2.08,1.73,0.29,1.89,2.63,0.75,4.54,1.68,1.03,0.76,1.01,2.94,1.92,0.86,0.78,0.82,2.05,1.6,2.16,1.61,1.69,3.03,2.2,2.04,0.5,1.27,1.0,0.56,2.64
88,15,17,4.13,1.77,1.34,1.51,1.47,1.32,0.59,3.78,2.17,0.83,3.58,1.67,1.09,2.59,1.01,1.9,2.1,4.01,1.77,2.3,0.18,0.28,1.36,1.78,2.14,3.12,2.06,2.06,1.28,2.37,1.45,1.29,0.94,0.89,1.56,1.15,1.13,0.84,0.34,0.64,1.44,1.88,2.54,3.43,1.06,1.8,2.77,2.7
89,15,18,2.81,0.81,1.32,3.64,2.03,1.88,4.74,1.81,1.15,2.22,1.65,0.49,3.03,0.56,0.53,1.72,0.38,0.49,1.58,1.44,0.76,0.62,1.57,1.71,0.7,3.66,0.98,1.2,0.71,2.09,0.32,0.62,1.53,1.39,1.81,0.86,1.58,1.4,2.2,3.23,0.34,2.1,2.31,1.07,1.14,1.02,0.49,2.49
90,15,2,1.32,0.3,1.46,2.24,1.96,2.22,1.43,1.75,0.5,2.95,1.81,1.35,1.11,1.7,0.78,2.98,0.46,1.52,1.7,2.21,0.99,0.18,1.2,2.69,1.58,4.23,2.54,2.48,0.45,1.53,1.2,1.33,1.67,1.0,2.51,1.51,0.74,1.74,2.27,1.23,0.79,1.6,1.34,2.76,0.67,2.05,1.79,2.39
91,15,3,2.33,1.06,3.28,4.15,3.93,1.85,2.14,1.91,2.28,0.59,3.34,2.27,3.2,1.73,3.75,1.65,4.6,4.11,4.09,0.6,5.0,3.28,2.79,3.5,0.56,0.88,2.63,2.69,1.7,2.57,2.47,2.69,1.13,2.38,2.5,1.77,1.32,1.79,1.52,1.07,0.37,1.27,2.54,2.05,1.4,2.56,2.4,4.77
92,15,4,1.69,1.25,1.33,2.34,2.5,1.43,2.95,1.32,1.97,1.21,3.17,1.14,1.36,0.22,3.88,2.28,1.56,5.05,0.54,1.96,0.81,4.2,2.91,1.56,2.13,2.97,1.86,0.3,2.1,1.57,1.06,4.08,0.32,2.27,1.51,0.65,2.68,1.03,0.94,2.64,2.67,2.06,0.18,2.67,2.26,0.67,2.28,3.69
93,15,5,2.54,2.1,1.89,1.64,1.28,1.16,0.62,2.15,2.33,2.02,0.45,3.55,1.32,1.12,4.56,2.0,4.15,5.02,2.32,0.47,1.1,0.71,2.99,3.17,1.16,4.31,2.68,2.67,1.22,2.79,0.25,0.62,0.73,1.52,1.38,3.61,3.58,3.05,2.29,1.35,2.26,2.04,0.12,2.68,1.61,2.73,2.0,3.59
94,15,6,3.22,1.73,1.54,1.93,2.12,2.34,1.85,0.89,3.23,1.29,4.17,2.38,1.86,1.61,0.76,1.18,2.72,2.92,1.83,3.05,0.22,0.9,1.39,2.63,0.32,5.19,2.64,2.38,2.37,1.92,1.42,1.26,3.0,3.0,0.66,3.02,0.55,1.48,1.78,2.05,0.84,3.71,1.78,2.01,1.36,1.01,3.02,2.73
95,15,7,0.77,2.48,2.55,2.23,1.95,1.4,1.2,1.16,0.37,1.86,1.85,2.82,1.65,1.49,3.13,2.56,1.06,3.41,1.81,2.3,1.09,1.49,0.5,2.94,1.38,1.45,2.19,1.01,2.62,1.91,0.73,0.44,0.81,1.37,0.57,1.03,0.25,1.39,3.03,1.24,1.03,2.19,2.99,0.24,1.89,0.62,0.33,1.48
96,15,8,1.43,1.39,1.36,3.51,1.95,1.22,2.85,1.93,1.1,1.3,4.02,2.81,1.46,0.06,4.07,2.06,4.16,5.2,4.05,1.07,3.36,3.76,1.88,1.59,3.14,3.04,2.65,1.1,1.5,2.72,1.24,3.82,3.04,0.25,1.71,3.67,3.14,2.61,1.33,3.33,0.91,2.65,1.89,2.66,1.43,2.16,4.56,5.04
97,15,9,2.14,1.55,1.06,4.95,2.22,0.71,3.87,1.74,2.36,2.63,4.54,2.39,0.27,3.95,3.62,2.79,3.62,3.33,2.27,1.43,2.88,1.21,3.02,1.68,0.39,4.7,2.5,2.18,0.48,3.14,2.95,3.56,1.0,1.13,2.05,2.9,3.9,1.33,0.73,3.61,1.37,3.71,1.34,3.8,0.88,3.66,1.92,4.64
98,16,17,3.6,3.38,0.78,1.5,0.64,3.11,2.93,2.12,1.0,0.04,1.66,2.31,3.19,1.36,2.6,3.55,3.26,2.45,6.42,1.0,1.58,0.47,2.9,0.97,1.58,1.54,3.02,2.53,1.53,1.7,4.39,0.99,1.43,1.25,2.38,2.5,0.85,1.49,1.48,2.19,2.22,1.05,2.36,3.48,0.92,1.95,2.94,1.3
99,16,18,1.71,2.39,3.29,2.7,2.71,2.24,3.43,1.11,1.58,1.5,0.28,1.46,2.97,2.18,2.21,3.51,1.54,6.11,6.49,3.19,1.77,0.74,2.04,2.14,1.03,0.88,2.51,1.29,0.27,1.11,2.75,1.53,1.79,2.17,1.21,1.5,1.88,1.31,0.59,3.38,2.71,0.13,0.59,0.75,0.13,1.84,1.02,0.15
100,16,2,0.3,2.08,1.13,1.39,2.96,4.15,3.82,2.72,2.72,2.16,2.05,1.29,2.58,3.06,1.54,4.27,1.27,4.31,6.15,1.55,1.98,0.25,2.77,1.88,0.92,0.43,3.55,2.09,0.43,1.7,3.77,2.14,1.61,1.65,3.28,0.56,0.86,1.26,0.66,2.9,2.24,0.63,0.7,2.88,0.92,1.07,2.35,1.23
101,16,3,2.06,2.88,2.86,3.07,3.21,2.67,0.44,1.89,0.43,1.38,1.42,3.01,1.36,1.37,2.24,1.39,5.62,3.03,1.47,2.6,3.52,2.99,4.14,2.46,1.2,3.75,2.86,2.22,1.73,3.39,1.48,2.07,0.89,3.0,1.68,0.28,0.31,1.24,2.14,0.71,3.38,1.43,0.54,1.67,1.19,3.41,2.71,2.13
102,16,4,0.85,2.09,2.2,1.32,1.97,3.43,2.22,1.18,0.9,1.88,1.28,1.28,0.82,2.51,2.4,1.57,2.1,0.84,5.97,3.73,1.12,3.92,3.49,1.11,2.86,2.71,2.63,0.83,2.8,1.16,2.92,3.39,0.94,2.57,2.32,1.9,2.0,2.57,1.18,1.25,4.53,3.37,2.18,2.32,1.08,1.33,2.41,1.07
103,16,5,2.18,0.83,2.2,0.92,2.25,2.55,2.38,0.89,1.21,2.81,1.48,4.42,0.88,2.57,2.91,0.72,5.12,0.78,3.56,2.47,2.83,0.43,4.63,1.31,0.55,1.86,2.11,1.65,1.47,2.11,3.08,1.35,0.8,1.32,1.81,2.33,2.46,4.79,2.68,1.05,3.98,1.52,2.14,2.36,1.64,3.59,2.52,0.99
104,16,6,2.16,0.24,3.55,1.13,2.93,3.41,1.41,2.54,1.49,0.52,2.24,3.16,3.82,2.2,1.69,2.74,3.23,3.65,5.04,1.82,1.54,1.19,3.08,2.8,0.61,2.61,3.53,1.67,2.84,1.2,4.1,0.69,2.78,3.78,1.21,1.91,1.31,2.08,0.17,3.39,2.25,3.64,0.8,1.78,0.5,2.0,3.23,0.15
105,16,7,1.91,3.69,2.37,1.08,2.92,2.75,2.55,2.73,2.4,1.86,0.68,2.65,2.18,3.69,1.52,3.75,2.25,3.0,4.29,2.14,2.24,1.39,2.28,4.13,0.83,3.69,2.89,1.16,3.3,1.12,3.06,2.33,1.12,2.15,0.58,1.02,1.84,2.7,1.69,2.82,2.42,0.54,1.72,0.37,1.92,0.85,0.81,2.09
106,16,8,2.34,2.65,2.33,2.42,1.6,1.03,1.03,2.38,1.87,2.05,2.55,3.54,0.71,2.42,2.56,3.12,5.12,0.72,2.22,1.59,1.65,3.47,2.87,1.15,3.87,2.58,2.41,0.97,2.09,2.36,2.45,3.5,2.21,0.56,1.36,1.62,1.55,2.41,1.94,3.57,3.8,1.93,1.63,2.2,1.26,2.85,4.84,2.41
107,16,9,1.66,0.67,0.98,3.92,2.92,1.57,2.44,3.2,2.84,3.42,2.89,3.03,2.09,1.58,2.14,0.98,4.52,3.39,3.26,1.27,1.28,1.02,4.48,1.0,1.09,4.04,2.57,1.87,0.72,3.05,0.02,2.67,0.73,0.89,1.23,1.56,2.77,1.09,2.26,2.3,4.39,4.59,1.29,3.46,0.63,4.18,2.33,2.05
108,17,18,2.49,1.02,2.55,4.1,3.33,1.64,4.75,1.99,1.08,1.46,1.94,1.41,3.21,2.08,0.48,0.41,1.91,4.45,0.32,2.98,0.84,0.34,2.89,1.25,1.84,0.75,1.34,1.27,1.7,1.17,1.67,0.71,0.64,1.54,3.2,1.02,2.15,0.57,2.06,3.76,1.32,1.07,1.95,2.92,0.85,2.69,2.53,1.32
109,17,2,3.31,1.91,0.5,1.34,3.41,1.05,1.39,4.81,2.02,2.13,3.36,1.38,1.07,2.31,1.13,1.3,2.01,2.87,0.29,2.52,1.09,0.46,2.07,1.42,0.71,1.38,0.53,1.92,1.56,3.41,1.21,1.15,1.03,0.63,1.16,1.97,0.66,0.9,2.12,0.78,1.01,1.05,2.27,0.83,0.39,2.4,3.16,0.3
110,17,3,1.82,1.97,3.17,3.36,3.45,3.07,2.53,2.35,0.79,1.41,0.35,0.75,4.06,0.86,4.72,3.55,2.64,0.7,5.19,2.89,4.83,3.4,3.51,2.21,2.69,2.43,1.23,2.18,2.98,3.77,3.8,1.57,2.03,2.99,4.05,2.24,0.77,1.62,1.22,1.5,1.78,0.66,2.76,2.84,0.37,2.27,0.8,2.64
111,17,4,4.35,1.41,1.94,1.7,2.39,1.89,2.95,2.47,0.34,1.91,0.5,1.16,2.42,2.73,4.86,4.18,1.92,2.2,1.92,4.19,0.75,4.27,4.07,0.62,4.21,2.3,0.44,1.94,2.86,0.84,1.98,2.99,1.25,1.4,0.31,1.79,2.7,1.7,0.62,3.24,3.97,3.61,2.71,2.59,1.45,1.21,0.54,1.69
112,17,5,1.6,3.13,2.16,0.93,2.58,2.32,0.61,1.63,0.29,2.85,3.14,2.27,2.38,2.07,5.49,3.32,2.29,2.01,3.84,2.76,1.25,0.88,3.3,2.03,1.03,2.41,2.26,3.87,0.07,0.42,1.33,0.99,0.68,2.36,1.79,4.51,2.45,3.86,1.99,1.98,3.48,2.26,2.66,2.46,0.75,2.43,2.26,1.98
113,17,6,2.22,3.23,2.86,2.63,3.52,1.3,2.02,3.83,2.38,0.49,0.59,0.93,0.84,1.44,0.98,2.4,2.29,3.22,3.6,0.88,0.2,0.78,0.32,2.08,2.15,3.41,0.58,2.52,1.38,0.5,1.04,0.79,2.34,3.0,1.53,3.95,0.64,1.78,1.65,2.19,0.75,4.42,1.59,2.14,0.58,2.07,0.37,1.21
114,17,7,4.15,0.96,1.93,2.21,3.21,2.52,0.97,4.71,1.82,1.86,1.93,2.09,2.53,3.29,3.78,1.14,1.42,2.86,2.13,3.08,1.22,1.77,0.87,3.25,0.77,2.59,0.45,3.07,2.2,0.61,1.58,1.62,0.34,1.48,1.98,1.67,1.38,2.0,2.76,0.63,1.75,1.5,1.36,3.28,1.05,1.27,2.99,1.47
115,17,8,3.8,2.81,2.05,2.81,2.14,2.4,3.12,2.84,1.74,2.09,2.13,1.25,2.51,2.52,5.05,3.41,2.33,2.29,4.52,2.26,3.21,3.82,2.99,0.78,5.16,2.21,1.86,3.11,0.96,0.95,2.38,2.91,3.22,0.86,2.99,3.96,2.3,2.73,1.01,3.84,2.35,2.8,3.64,3.56,0.42,1.46,2.0,3.05
116,17,9,5.19,2.77,0.31,3.98,3.54,1.56,3.96,4.11,3.15,3.46,2.03,0.73,1.28,1.79,4.59,4.52,1.99,3.24,3.25,2.07,2.72,1.12,3.58,0.63,2.31,4.2,1.42,1.65,0.88,1.87,4.4,2.38,0.97,1.94,3.61,3.74,2.77,1.07,0.79,4.23,2.56,5.07,3.06,2.91,0.36,2.33,1.46,2.88
117,18,2,1.52,1.03,2.49,3.21,1.71,2.56,6.12,3.13,1.15,1.25,1.9,1.53,2.16,1.32,0.9,1.7,0.75,1.81,0.54,3.65,0.26,0.79,1.31,1.09,1.48,0.63,1.73,1.35,0.28,2.61,1.52,0.91,0.61,0.95,3.83,0.96,1.5,0.34,0.08,3.83,0.48,0.52,1.08,2.44,0.81,2.9,1.39,1.21
118,18,3,1.87,1.45,4.38,3.15,4.19,3.61,3.32,0.78,1.15,2.78,1.69,1.91,2.54,1.22,4.27,3.35,4.49,4.58,5.21,1.51,5.26,3.49,2.19,1.83,1.18,2.88,2.29,1.59,1.47,4.22,2.18,2.07,2.53,1.69,1.62,1.24,1.63,1.87,2.6,3.5,0.68,1.4,0.82,0.98,1.15,2.65,2.05,2.28
119,18,4,2.15,0.76,2.31,2.78,2.77,3.16,1.8,0.49,0.83,3.01,1.55,1.27,2.96,0.76,4.41,3.99,1.76,5.36,1.66,2.54,0.65,4.29,1.52,1.68,2.41,2.13,1.33,0.95,2.64,1.29,0.79,3.47,1.85,2.33,3.24,1.23,1.41,2.26,1.7,2.9,2.67,3.24,2.47,1.6,1.19,1.49,2.08,1.21
120,18,5,1.79,2.27,2.94,3.22,2.15,3.01,4.2,0.44,1.3,4.21,1.2,3.1,3.01,0.68,5.06,3.35,4.07,5.35,3.75,1.5,1.51,1.1,2.89,3.28,1.12,1.8,2.81,2.62,1.64,1.42,0.34,0.65,1.0,2.55,3.02,3.52,4.34,4.43,3.05,2.4,2.2,1.4,2.42,1.62,1.59,2.8,1.51,1.12
121,18,6,0.46,2.23,0.56,1.72,0.47,1.23,2.94,1.87,2.39,1.21,2.52,1.99,3.16,1.06,0.78,2.06,2.87,3.05,3.39,3.45,0.65,0.84,2.85,0.99,0.98,2.76,1.88,1.53,2.96,0.84,1.43,1.0,1.76,1.61,2.37,2.98,1.93,2.24,0.42,2.47,0.62,3.53,0.61,1.04,0.51,0.91,2.73,0.28
122,18,7,3.29,1.67,3.04,1.94,2.48,3.26,3.81,2.84,0.83,2.02,0.66,2.92,4.36,1.52,3.49,1.54,0.71,3.6,2.23,3.73,0.48,2.09,2.02,2.0,1.21,2.87,1.63,2.08,3.32,0.66,1.0,0.91,0.74,0.07,1.26,0.68,1.6,2.55,1.37,4.14,0.73,0.45,1.13,0.84,1.87,1.63,0.5,2.0
123,18,8,3.43,2.09,2.27,2.76,2.21,2.12,2.4,1.3,0.77,3.31,2.72,2.44,2.89,0.5,4.6,3.06,4.09,5.51,4.65,2.51,3.4,3.85,0.88,1.85,3.33,2.0,2.6,2.04,2.15,2.1,1.37,3.25,3.15,1.62,2.37,3.03,2.96,3.08,2.42,0.23,1.14,1.83,2.21,1.66,1.21,2.56,4.21,2.55
124,18,9,2.93,1.83,2.31,4.02,0.22,1.39,0.99,2.32,2.35,4.78,3.1,2.08,3.24,3.56,4.14,4.45,3.59,3.46,3.28,2.86,3.04,1.03,2.59,1.76,0.58,3.8,2.29,1.02,0.84,2.98,2.77,2.94,1.12,2.29,1.08,2.75,4.65,1.36,2.85,2.93,1.7,4.46,1.82,2.74,0.54,4.15,1.49,2.18
125,2,3,1.77,0.82,3.67,2.04,5.46,3.73,3.51,3.51,2.3,3.54,3.02,2.12,3.19,1.72,3.76,4.59,4.36,3.18,4.93,2.43,5.48,3.19,1.6,0.83,2.09,3.41,1.45,0.26,1.46,3.86,3.6,1.68,2.46,2.54,4.96,0.28,0.58,2.04,2.63,2.24,1.15,1.1,1.2,2.64,0.74,4.29,2.42,2.81
126,2,4,1.13,1.54,2.33,0.44,3.97,2.16,4.31,2.7,1.88,3.98,3.16,0.29,1.98,1.92,3.91,5.2,1.11,3.55,1.93,3.03,0.88,4.14,2.04,2.04,3.7,2.28,0.93,2.2,2.38,2.8,2.21,2.91,1.98,1.52,1.44,1.45,2.23,2.59,1.75,3.85,2.98,2.79,1.48,2.6,1.71,2.25,2.9,1.81
127,2,5,1.89,2.33,2.61,0.6,1.0,2.97,1.91,3.29,2.12,4.96,1.71,3.65,1.97,0.64,4.45,3.84,3.88,3.54,3.65,2.35,1.58,0.62,1.87,3.18,0.41,1.5,2.64,2.6,1.5,3.81,1.31,1.56,0.97,2.5,2.95,2.67,3.03,4.76,3.06,2.5,2.48,1.21,1.45,2.48,1.03,4.47,1.04,2.03
128,2,6,1.95,1.86,2.88,2.2,1.33,1.75,3.27,2.59,3.46,1.66,3.88,2.31,1.33,0.9,0.16,3.67,2.28,1.57,3.51,3.37,0.9,1.03,1.9,1.06,1.52,2.34,0.24,0.84,2.77,2.91,1.95,1.81,1.34,2.38,2.64,2.17,0.59,2.51,0.49,1.79,0.28,3.37,0.79,1.92,0.79,3.04,3.22,1.16
129,2,7,1.91,2.69,1.43,1.29,0.9,3.11,2.37,0.81,0.41,3.24,2.52,1.48,2.74,1.19,2.65,0.53,1.29,1.94,1.85,0.64,0.27,1.31,1.35,2.58,0.3,3.31,0.78,3.18,3.07,2.82,0.71,1.32,0.9,0.89,2.78,0.49,0.98,2.86,1.31,0.44,0.74,0.66,2.05,2.63,1.32,1.74,1.57,1.22
130,2,8,2.26,1.1,2.42,1.47,3.35,3.39,4.28,3.64,1.41,4.2,2.77,2.59,2.02,1.68,4.08,4.7,3.88,3.7,4.23,1.16,3.58,3.7,0.97,2.21,4.69,2.15,2.18,3.04,1.92,4.02,1.41,2.55,2.58,1.13,4.09,2.16,2.4,3.27,2.46,3.87,1.62,1.76,1.38,3.45,0.77,3.62,4.3,3.21
131,2,9,1.95,1.77,0.67,2.74,1.71,2.59,5.28,3.41,2.82,5.58,3.42,2.01,1.38,4.08,3.64,5.24,3.31,1.93,3.0,0.8,3.26,1.26,1.82,2.05,1.83,3.66,1.72,0.33,0.68,4.59,3.78,2.54,0.88,2.13,4.46,1.88,3.35,1.56,2.91,4.78,2.16,4.11,0.84,3.22,0.31,4.74,1.72,2.99
132,3,4,2.9,2.15,2.07,1.81,1.49,1.77,1.93,0.9,0.57,0.85,0.53,1.91,2.06,1.88,0.18,0.64,3.67,2.88,4.54,1.37,4.61,1.16,1.58,2.83,1.69,2.12,0.98,2.4,2.32,3.04,1.93,1.43,0.92,4.02,3.97,1.65,1.94,1.66,1.0,1.9,2.5,3.16,2.68,0.68,1.45,2.08,0.86,1.08
133,3,5,0.24,3.14,1.44,2.6,5.15,0.76,1.97,1.15,1.07,1.44,2.89,1.54,2.13,1.32,0.97,2.01,0.57,2.68,2.09,0.13,5.97,2.57,1.0,3.77,1.69,3.43,1.29,2.56,2.91,4.09,2.5,2.54,1.55,2.53,3.08,2.47,2.72,3.75,0.77,1.11,2.13,2.2,2.64,0.76,0.45,0.18,1.47,1.27
134,3,6,1.97,2.65,4.25,3.26,4.64,4.19,0.99,1.59,1.59,1.88,0.87,0.21,4.51,0.84,3.9,1.81,3.03,3.79,3.57,3.65,4.88,4.17,3.27,1.35,0.59,4.32,1.26,0.78,4.01,3.59,3.2,2.29,3.67,2.1,2.71,2.0,1.09,0.94,2.28,2.99,1.21,4.29,1.27,0.72,0.75,1.76,0.79,2.04
135,3,7,2.34,2.89,5.09,2.19,5.8,0.63,2.11,3.05,1.98,2.06,1.79,2.61,3.54,2.53,2.32,4.14,4.06,3.49,3.12,2.35,5.74,2.9,2.92,2.81,1.92,0.72,0.79,3.34,3.95,3.71,2.93,2.87,1.8,1.76,2.19,0.74,1.55,1.66,2.67,2.12,1.24,1.73,1.88,1.82,0.73,2.58,2.54,3.99
136,3,8,2.07,0.91,2.12,0.65,2.11,1.79,0.95,0.55,1.47,0.79,1.89,0.54,1.93,1.67,0.33,1.84,0.62,2.96,1.81,1.29,2.15,0.83,1.31,2.99,2.71,2.17,0.79,3.19,3.08,3.39,2.67,1.43,2.74,2.61,1.75,1.9,1.83,1.24,0.22,3.65,0.58,2.81,1.76,0.84,0.07,0.83,2.16,0.47
137,3,9,3.72,2.58,3.05,0.93,4.36,2.23,2.33,1.76,2.58,2.04,1.89,0.38,3.22,2.44,0.15,1.72,1.26,3.85,1.94,1.73,2.24,2.6,0.44,2.83,0.64,3.94,0.35,0.59,2.12,3.03,1.5,0.88,1.59,2.56,0.56,1.68,3.04,0.55,1.34,2.95,1.03,4.71,1.61,1.8,0.71,1.85,0.71,0.71
138,4,5,3.01,1.73,0.63,0.82,3.68,1.14,2.4,0.86,0.63,1.45,2.73,3.43,0.07,1.34,0.95,2.28,3.14,0.22,2.65,1.49,1.87,3.53,2.57,1.74,3.29,1.51,1.85,2.48,2.81,1.25,0.9,3.97,1.03,3.76,1.52,3.06,4.23,2.24,1.66,1.4,0.55,2.13,0.06,0.14,1.84,2.26,2.11,0.52
139,4,6,2.6,1.99,2.2,1.93,3.21,3.19,1.22,1.47,2.14,2.4,1.04,2.09,3.12,1.82,4.06,2.38,1.18,2.81,1.84,4.99,0.59,5.05,3.93,2.61,2.27,2.25,0.9,2.08,3.03,0.55,1.27,3.69,3.3,3.27,1.35,2.47,2.81,0.86,1.33,3.81,3.23,2.3,1.95,0.84,0.92,0.99,0.88,0.96
140,4,7,2.45,1.6,3.68,0.91,4.32,1.15,2.02,2.36,1.62,1.66,1.45,1.68,1.56,1.63,2.49,4.73,2.01,2.16,2.35,2.65,1.13,4.03,3.26,3.62,3.49,1.58,0.33,1.16,2.28,0.68,1.79,4.2,1.13,2.27,1.99,0.98,2.8,0.37,2.18,3.86,2.33,3.01,3.17,2.43,2.02,0.51,2.52,2.94
141,4,8,3.02,2.64,0.13,1.19,0.62,2.41,1.33,1.28,1.42,0.41,2.4,2.4,0.13,0.26,0.2,2.2,3.12,0.15,4.58,2.17,2.76,0.45,1.08,0.17,1.03,0.14,1.48,1.17,2.22,1.22,2.12,0.74,3.15,2.26,2.8,3.5,2.23,1.95,0.79,3.12,2.04,2.36,1.9,1.01,1.5,1.55,2.53,1.42
142,4,9,0.84,1.44,1.67,2.62,2.96,2.14,1.08,2.04,2.81,1.87,2.41,1.84,1.27,4.03,0.27,1.5,2.49,2.55,2.77,2.59,2.39,3.31,2.01,0.13,1.9,2.04,1.07,1.89,2.48,1.9,2.93,0.75,1.26,3.33,3.56,2.4,4.5,1.49,1.3,1.06,2.78,1.67,1.39,1.14,1.42,3.01,1.31,1.19
143,5,6,1.84,0.95,2.82,1.94,1.95,3.47,1.42,2.3,2.64,3.3,3.72,1.34,3.09,0.7,4.6,3.03,2.46,2.89,1.49,3.52,1.31,1.61,3.01,4.05,1.13,1.01,2.48,1.78,1.42,0.91,1.17,0.67,2.28,4.01,0.71,0.59,3.05,2.81,2.8,2.49,2.74,2.16,1.9,0.78,1.21,1.92,2.25,0.95
144,5,7,2.57,3.23,4.03,1.3,0.67,0.25,0.6,3.1,1.96,3.11,1.43,4.05,1.5,1.22,2.45,3.31,3.69,2.25,2.31,2.3,1.48,1.24,2.94,5.28,0.28,3.02,1.87,2.41,2.2,0.99,0.94,1.06,0.34,2.56,1.9,2.84,3.82,2.1,2.76,2.58,1.8,1.03,3.11,2.44,0.3,2.76,1.93,3.06
145,5,8,2.31,3.14,0.69,1.99,3.09,1.53,2.51,1.7,1.99,1.04,3.65,1.2,0.2,1.08,0.78,3.59,0.09,0.28,2.97,1.2,4.45,3.09,2.07,1.63,4.28,1.39,0.51,2.13,0.94,0.96,1.49,3.82,2.6,1.5,1.51,2.48,2.31,3.39,0.97,2.57,1.76,0.63,1.9,1.15,0.39,0.98,3.27,1.46
146,5,9,3.83,0.57,1.94,3.34,2.25,1.68,3.38,2.76,3.43,0.65,4.14,1.76,1.22,3.76,1.12,1.51,0.69,2.65,1.31,1.63,3.93,0.96,0.63,1.62,1.42,2.2,0.95,2.59,0.82,1.87,3.1,3.37,0.34,0.44,2.84,0.78,0.32,3.7,2.07,2.29,2.6,3.1,1.38,1.13,1.11,1.83,0.81,1.06
147,6,7,3.65,3.6,3.56,1.11,2.18,3.69,1.31,1.89,3.07,2.18,2.49,2.82,3.37,1.88,2.8,3.36,2.96,0.67,2.92,3.95,1.06,2.17,0.88,1.53,1.39,3.82,0.67,2.82,1.26,0.18,1.96,1.7,2.25,1.63,1.2,2.29,0.78,0.75,1.6,2.21,1.02,3.11,1.28,1.78,1.47,1.39,3.21,2.1
148,6,8,3.72,2.42,2.13,2.65,2.62,3.06,1.13,1.37,2.14,2.57,2.26,0.47,3.18,1.56,4.23,1.02,2.41,2.95,4.34,3.13,3.19,4.61,2.85,2.78,3.29,2.17,2.01,2.63,0.95,1.3,2.64,3.67,2.73,3.23,1.46,2.43,2.85,1.15,2.09,2.42,1.74,1.73,2.14,1.53,0.82,1.66,1.65,2.33
149,6,9,3.38,0.64,2.59,4.19,0.39,2.19,2.03,0.85,2.1,3.92,1.97,0.56,2.09,3.19,3.79,3.42,1.77,0.41,2.47,2.95,2.73,1.85,3.31,2.67,0.7,1.93,1.55,0.92,2.13,2.15,4.12,3.03,2.1,3.83,2.37,0.39,3.36,1.03,2.43,4.45,2.17,1.78,1.63,1.88,0.5,3.25,1.5,2.0
150,7,8,0.74,3.68,3.76,1.56,3.72,1.75,2.44,3.08,1.0,2.07,3.19,2.85,1.68,1.51,2.55,4.39,3.72,2.29,2.43,1.26,3.85,3.63,2.19,3.78,4.46,1.66,1.43,0.29,1.28,1.47,0.8,3.87,2.89,1.6,1.86,2.64,3.38,1.71,2.59,4.2,1.46,1.39,3.32,2.44,0.66,2.0,4.7,4.36
151,7,9,2.9,3.03,2.09,3.11,2.53,1.93,3.06,2.67,2.45,3.51,3.47,2.3,1.37,4.96,2.31,4.72,3.3,0.42,1.26,1.1,3.52,2.2,3.08,3.72,1.59,3.26,0.98,2.91,2.6,2.33,3.07,3.75,0.63,2.3,1.68,2.08,4.14,1.61,3.48,4.85,2.25,4.12,2.87,3.57,1.4,3.37,1.99,4.08
152,8,9,3.56,2.58,1.77,1.55,2.4,0.89,1.41,1.3,1.6,1.5,0.7,0.59,1.39,3.89,0.46,3.56,0.65,2.68,1.91,0.45,0.66,2.87,1.71,0.18,2.87,2.08,0.47,2.8,1.37,0.93,2.46,1.2,2.27,1.08,1.71,2.06,2.51,1.72,1.22,3.16,0.91,2.98,0.62,1.71,0.77,1.59,2.76,0.52
