music,face,odor
0.011385628740983042,0.05163685867722608,0.07636722648612668
-0.03476217128440624,-0.05933912819973221,-0.031133226667220106
0.12904001056707118,0.1827683086776897,0.1880941148434917
-0.0022512745395475006,-0.03473191718852956,-0.01887390689728455
0.042357530327490164,0.03618201750593678,-0.025364763462287377
0.09393516131883813,0.11990726966310576,-0.05828478889867635
-0.03104707610321658,-0.08460865156764265,-0.06392051554687717
-0.05208096568058166,-0.04980784099758001,-0.09699669569759345
0.04637420409609556,0.08844295037501322,-0.024450493410360496
0.09030679477979617,0.11208705205840651,0.10266150829155687
-0.01891978592703909,0.00031191667914958176,0.06443352204988612
-0.025837887147158265,-0.028366465173347746,-0.02606384853674592
0.035864513474766234,0.03752729106279556,0.08855770240578378
0.01886424464683992,0.07585168791360054,0.08371129088877673
-0.06003311391796304,-0.014211987117088858,-0.02179791544375452
-0.03681662928996133,0.02439062012027475,0.07179797147775405
0.04756674322588971,0.024102727175394262,0.0023042022635881942
-0.1120343594922482,-0.07491697767558501,-0.11701106014333335
0.06365261804807812,0.026538885361834453,0.02878227558477942
0.0867137318582063,0.09840514995327905,0.08002314816530176
0.003910115880843574,-0.03651742113497933,0.03903381277550664
-0.05297052293106173,0.03200410208412937,-0.034373024752382485
0.04513990474579106,-0.04501804403238074,-0.0007460194681510318
0.05292271598681881,0.13087889210697298,0.13480170043906803
-0.06908994696720598,0.013073793722703517,0.008059554482321282
0.04854506367862602,-0.01423818200696508,0.0011998578967093538
0.05162383560045456,-0.1011950222513227,0.016492409778499598
-0.03838493097607478,-0.04087939866842644,-0.0022657809576415917
0.07837420327849412,0.020411225931145735,-0.014931909560526162
0.006499042100105209,-0.07659597363978864,0.007564467860546752
-0.06467029496669045,-0.0316534491041742,0.0099825021061175
0.017906322009892783,0.09836198550772844,0.07432976415799736
-0.07941526743853465,0.027297863427450636,0.06969831412931105
0.020469021162795916,0.029635187630174354,0.04109891129341893
0.009067505731548995,0.07028711870570387,0.08868958532129308
0.16381675854688296,0.1435136882946384,0.13781507031064125
0.007195715621243257,-0.037459327831536174,-0.033860239999888644
0.08618898961702366,0.13040549348543076,0.12645618965702515
0.05584038770745963,0.057719270791660955,0.0817832139208457
-0.08515982906704835,-0.0014711911947323964,0.055668218997620623
0.0976477696439253,0.07986857148814365,0.0579783820366578
-0.06845802260051347,0.020791889914863523,0.0037594970640030647
0.1033861711745158,0.1032148322020913,0.025759034770767738
0.0638691617083064,0.018596761060197867,0.045791609170579034
0.05524068826983543,0.014542555314410536,-0.043433823123196
0.09946394318380178,0.05311491090896193,0.01933062853733497
0.07815141637429664,0.09281700498020283,0.12326091126170118
0.1210353469205168,0.12678812508955817,0.18915837389103898
0.10221597084571395,0.15512069433770648,0.15209956604795002
0.00861099302896116,0.05193423259678389,0.04830356368696478
-0.055998769182225495,-0.04953659370341055,0.024954373853573384
0.08371433766107328,0.0011765376372470672,-0.025917307652122093
-0.010290893450507385,-0.011417495916067133,0.02570054417295455
0.10891775484584104,0.031106160385789863,0.04093478104476784
-0.09652221613985265,-0.04311996218019126,-0.06813005177529459
-0.0041694119204675854,-0.011937737154647384,0.00033002097328935155
0.06425979697824546,0.09904190841936565,0.13187347157666832
0.058655523382016475,0.021444210379528997,0.0358105969499923
-0.06711359447461561,0.00349356364948476,-0.03397355826348253
-0.021458660141674853,-0.0050912951429275466,-0.013495591159701437
-0.08067652650659837,-0.10808821008928254,-0.12429955584655465
0.0018209681276386536,0.052477572926541496,0.028576875883255064
-0.04187312461229306,-0.04140753510364285,-0.025789277862225356
-0.12922431868632644,-0.02704654813727098,-0.03564214121546688
-0.010312954341538613,-0.06012186311227596,-0.020562413098968696
-0.056787601628015064,0.01511490074589001,0.01872404536751843
0.012146835574178491,0.07069164503694327,0.022790129550070738
0.0028473389444075986,-0.049444484057259694,-0.010742594114558095
0.025187761207925794,0.022445255725960504,0.04051541226618581
-0.01006960245211254,0.12599541759558675,0.11144591637060171
-0.011058331718542069,0.07198245906413042,0.059983543279511935
-0.00826731791376842,0.06708882433982359,0.07906769830694002
-0.03104307028463673,-0.06503679769496933,-0.04072830496305618
0.07605249152079456,0.04481416129817378,0.11517301139384853
0.05428688612552748,0.03868187727846049,0.042813123706481805
-0.06724247965246359,-0.04109352170305767,-0.0467078087233408
-0.043039409027005,0.042703663370390325,-0.08147763326656485
0.02049722041407396,-0.03570860158481547,0.031356402009762266
0.08933738394581629,-0.0032863454393918367,-0.013968669108293393
0.01761469002187759,0.054129813759817964,0.0170564074866591
-0.013119079240460097,0.1289079724167894,0.13537366887214233
-0.011976145286863292,0.016138491761238893,-0.0171667826604177
0.03172929687983373,0.02609517044392123,0.04665832956986155
0.02119779329073942,-0.013901631095003019,0.044916848715268964
0.01671941863126346,-0.009537682131871363,-0.08680064610869638
0.04902160230520408,0.03709450615749057,-0.10680689084369784
0.038970053959912966,-0.028765817408442276,-0.03256185416091578
-0.18657037028921042,0.03131148629854358,-0.042777298455435035
-0.054986327444531316,-0.048974961235955954,-0.07474324162507132
0.08963191297864143,0.11191980962642527,-0.009125992980314046
0.024509602432851163,0.025815091749674036,-0.01668954401087844
0.07876258803641749,0.040713442100280384,0.0728562791529478
0.07570915328962026,0.07452726173803023,0.12116469900554211
-0.014614219411304138,0.10091208961046046,0.027914657373299543
0.09029973491057616,0.10332409253965148,0.12478429212120228
0.23754906697497744,0.24453221491887184,0.18689540751856826
-0.1536060245384065,-0.2636711631764978,-0.030983609575918076
0.11874005402665176,0.1654903745908086,0.019964813570449224
0.0926552947736654,0.10788294237194072,0.11200084227546081
0.006516727360273632,-0.07798985342962408,-0.052981122572612
0.05211043292371475,0.005292971076611011,-0.07807268740986009
0.04253310104420496,0.021250304639759594,-0.008693463141937844
0.0036880655019346526,-0.156861674527368,0.03281078330266302
-0.14845990174366747,-0.10370760467482362,-0.04943824444209996
0.002977596480727953,0.07351873206233417,-0.07022099989377113
0.03442553460141219,0.11761737320481928,0.06980346450940907
0.2423511007708738,0.2883629576024624,0.1294350539054735
0.06809953797744293,-0.001957578928231498,-0.003919344292819996
0.1230284508872398,0.028592378325074864,-0.08583418828211022
0.05223469338604042,0.07268328983275148,0.06614500684320786
-0.0823587143433217,0.03680714753354132,0.12837045583983764
0.06784460301530394,0.09304180354867808,-0.04271261134894028
-0.05082877059458945,-0.019158265801096506,0.03923427014269188
-0.013764933997020461,0.1216584433962528,0.07446938965557123
-0.23745179873158792,-0.17400231226374716,-0.09604990364198131
-0.1898330272660409,-0.16718490137569303,-0.03673841367409272
-0.0764840371570098,-0.21502738103361446,0.03812379911096015
0.12203031424883289,0.14058759656310682,0.06224933680570645
0.059666444010322096,0.10879784333898976,0.13465939285056264
-0.0647098777301045,-0.14361790274518302,0.03426689298159588
0.18016604220845794,0.1589594793846666,0.05708276495004302
-0.014247478813614258,-0.1182534230412596,-0.10454118629630577
-0.049592182175996403,-0.18610376417510902,-0.018065254835730894
0.1335247713129884,0.10500183754076275,-0.042607270155048005
-0.005482682420125551,0.003005069340022153,0.016285953889325556
0.23253140199851074,0.2138115216635076,0.09014938358441729
-0.09255728158749822,-0.08599675269014821,-0.10769854737355092
0.12517980929966757,0.14085531156011383,0.17567080829015624
-0.08361533343047847,-0.05053945634526018,0.0010784254446095595
0.11148791945087784,0.14204932236853138,0.055076550327995216
0.149652717722531,0.14804470958396165,0.05158825478363109
0.07764144478190856,0.0772051354835275,-0.067035839959507
-0.10614680214824508,-0.1528412424950198,0.07309595188896569
0.056619074096937824,0.03775729858134271,-0.0496702222246136
0.0932079382535411,-0.07492254932079935,0.01646021336416661
-0.015898469935270068,-0.011030713969924189,0.029605351435804072
0.1598680752529128,0.14910299781787303,0.09165174029148332
0.041775463482670784,0.05328404624688782,0.08912059715021929
-0.11447896178809695,-0.06324783661701378,-0.10060275090297069
0.07256089218450354,0.19017754496013425,0.0021240022742381303
0.14591692886874097,0.08258620643083275,0.03829104427692537
0.01734607716300077,-0.08227328799319872,-0.020091865001184147
-0.041243527404243696,-0.05023169009641344,0.01898716557077856
0.13229742998738583,0.0882357983802301,0.17051448565923344
0.07243627403428116,0.04466642790933339,0.11423997729986834
0.028415838083230515,-0.025533835799495103,0.08603311446166254
0.11323819050461893,-0.08049128484182344,-0.058999227046798594
0.06929830084915085,0.07712373648866841,0.15318779562995635
0.22230559253715113,0.26598011282437456,0.21286779112981744
0.01309182161026404,0.12110102352013444,0.1743754369463098
0.09344566304448518,0.17792769005686707,0.1917249558668892
-0.008034042737862705,-0.05262264002776745,-0.13643201701918758
-0.10791218305077206,-0.060476913949128214,-0.1661105569928314
-0.03147196675224177,-0.027240776977909074,-0.13709247640760677
0.3112866633865264,0.17485616779835667,0.29257990481060053
0.06621485734471715,0.034113754980036805,0.10685447437444251
0.057427233774015624,-0.06436825564857998,0.10857200102283963
0.06617734169975928,0.08307403628597335,0.05145167509691703
0.19532960462529272,0.13016259908409944,0.17212290596665228
0.08941723496714497,0.07917507238745822,0.10644664043594552
0.08065585942161305,-0.049039344183922716,-0.10826210072330296
0.13372767514572942,0.16741619697076043,0.11780894457543058
-0.06549293644046042,-0.08986612837001375,0.06415666526568327
0.10250863427655743,-0.0829770131591343,0.09933175709624044
-0.013576907328939965,-0.16324742721596028,-0.032299757171983016
-0.08746351911333054,-0.07305564703305402,-0.2300012032337886
0.14083359483572114,-0.016125059283653417,0.005958455567520486
0.13668904280705071,0.0762688792736689,0.13118599634403644
0.06847434102480708,0.039258688914497214,0.12200800402601378
0.11870036114944874,0.17497144628826888,0.16272727007178314
0.20318614209848537,0.20345138460869808,0.2201578449323333
0.1021836836532822,0.04869660145338106,0.10480488272932852
-0.018084499169585332,0.07515935813248376,0.13665631093154001
0.13524450765741958,0.10285064489733571,0.08900746185875628
0.11216714840977028,0.2698442346978796,0.05630773633917145
0.2451449655920619,0.2167503855549354,0.1645611812201667
0.09977507868463599,-0.30261859501841376,-0.07887714030852236
0.1272235197758908,0.023564271138534494,0.13948771779888017
0.20988754170852078,-0.07607840873377217,-0.07571067966576371
0.16376877440030074,0.07424991121317383,0.15793717280919167
0.05806684183944359,0.05551797211135857,-0.08478508373896562
0.08639015845330492,0.043620401058185584,0.14809334073468935
0.10451380895675282,0.10822228183017868,-0.0898114624908458
-0.04433078224642694,-0.06743358762918769,-0.14407848281809688
0.023032458946205717,0.02824607788280848,-0.02803764511450634
0.039452776153061676,-0.03649198885191934,-0.015206108247868005
-0.05045040879121798,-0.07633423006567305,-0.12571517507875526
0.003461812746766838,0.05859035200669749,0.009363656424381087
0.02905328086109085,0.02178097731085316,0.09131850510869856
0.009001963588488631,-0.039303816342073805,0.014654654634796612
0.12415977201728037,0.03155031417767397,0.05693657758363065
0.08899701238560279,0.11179809038233773,0.11964368339815239
0.12510977049634012,0.1364420615315082,0.1411930024758475
0.16722608491691254,0.11099976006991358,0.11998607148908358
0.07713427954754846,-0.06503120558262585,-0.03599970411467923
0.128124393344103,0.09911754858644375,0.0030526661960725075
0.08338188233266249,0.024832464560432845,0.057976259684705
0.02576602809974658,0.02510641095593965,0.05896703563967417
0.048608709195729995,0.015185192274408626,0.05439402482957979
0.1293165288221206,0.010822756180298022,0.08278340243645982
0.02275828325016151,0.15945320207257863,0.07676721872296358
0.09425061545399493,0.05825645895507686,0.09694009633982102
-0.0789733188931762,0.03407428678110051,-0.12195476978369313
-0.022573848138780953,-0.0792375604612938,0.015212810734604742
0.04714197848870529,0.13089521804425908,0.10884632211074112
-0.022840934805882226,0.023462454549962285,-0.017393265388785016
0.11233617560237232,0.0858626914315319,0.13132100900707977
-0.09095191766422836,-0.010163938381043472,0.028904666427034466
0.16102393879325244,0.11100243525610336,0.09672505875028085
-0.07735599524132654,-0.05404944948048864,-0.0018043536821649034
0.09384167313969047,0.006595334468319845,-0.03577128106027465
-0.041977213144291335,0.010517067089767483,0.0576745044100725
-0.0016003593145599293,-0.03737574748218945,-0.045580683909504656
-0.01404897954233357,0.012866094682701088,-0.07640273391680603
-0.0659434130532946,-0.047560980571647864,-0.09911020085639641
-0.002313817393838771,0.010328303221755167,0.03740747588545564
0.0519449162125333,0.02172804936098662,-0.024916700242616645
0.01729622844648914,0.035827250842370414,0.0007929670526049292
-0.06341625583895906,-0.05499522305256365,-0.13808302642739584
0.09442185032011938,-0.0815803970806373,0.01788777530649275
0.020279607247096904,-0.032473090566050855,0.024757273434032494
0.03724173727362723,-0.07639047460382799,-0.06237708166634684
-0.031212847213832492,0.007079808358897471,-0.04721649202875718
0.04482396563622949,0.034986805036733466,0.019033868243678267
0.098080454631323,0.1339091721656847,0.07831328383094399
0.10641514710476704,0.016454351616446074,0.05527870638252898
0.06962731419218109,0.03395427008193706,-0.13890401240623926
0.011397378673360383,-0.033507536013912,0.09987798536173557
0.029436781642035118,-0.00016435974799701368,-0.1486898954263665
0.15592289167583512,0.10823072875367144,0.04155301907488427
-0.04394609030622146,-0.02131481564584628,0.0035475785694728196
0.019928668540320396,-0.11508319185583789,0.014321976413518324
0.08993815880830025,-0.013082722564322902,0.11043341329944546
0.15658024504799534,0.18621817713511402,-0.09596574598354066
0.04290226527107463,0.13048033337760082,0.015050035893456113
0.2446348497283528,0.30225969841710526,0.15454294129758955
0.09946122099488976,0.11257191897486678,0.061405302667700605
0.24516253110553668,0.19866924776188635,0.0682654487583904
0.09036720916560524,0.06075679028684778,0.1417375567744474
0.031454777534688665,0.039064638375539494,0.04573827658907778
-0.04071501284881199,0.060461328584080314,0.0077287156590299735
0.03072527902409853,-0.02992950969965423,0.11934120769834393
0.07544525293968252,0.07384665614185905,-0.01429953794966636
-0.01131044548191884,-0.06443871031031477,-0.01436565509715443
0.07158944647077357,-0.08055339825458156,-0.035058567038641006
0.02583028128968789,-0.1604874069650206,-0.010391519203428089
0.06723212962145667,0.15884534512615345,-0.07413980292518751
-0.07632257558132514,0.07042478988464639,0.10417904759212354
0.05393347023753696,-0.1910326718417959,0.045300826423396286
0.12123230618002627,0.013687322481206252,0.05142618364654077
0.15426994177435305,-0.042294389538852846,-0.030814904415389442
0.006703677954259333,-0.06851473653005101,-0.00399446780410719
0.13370288948259768,0.0197571045272096,-0.13306155706943132
-0.011679957409242011,-0.052641410931166734,0.0035751351607626173
0.2463103083643812,0.22836892613392631,0.08670719235147768
0.1465832592291375,0.10931795607017496,0.08353381923759698
-0.01914917296391932,0.0035159697453942536,0.055535441089728105
-0.012147280713827868,0.06435009427782475,0.06306144665608886
0.2689904478698462,0.24843943516005051,0.11695954068722401
0.1900275656583762,0.22109126961089545,0.04647897604214448
0.2812611979521617,0.22385641555818656,0.21577936930913502
0.24120771293944301,-0.4298009940446145,0.004834526244157825
-0.04038680828434368,-0.13785018139534833,-0.20357663386130723
0.11082678054390097,-0.2973262045904058,-0.06718043133179773
0.043341212346282944,-0.021536373618093223,0.021992482181223263
0.020260860610460202,0.07340086976911882,-0.006056648249847795
0.06443019240804877,0.07136031693659202,-0.00989534167401802
-0.17275122563244538,-0.24275775773681932,-0.06401759649454937
-0.037493656666695505,-0.061781837740610954,-0.04688407138103496
0.17675530057778682,0.24874346389450477,0.24927577269886944
-0.00023418469134475127,-0.022743065790830255,-0.021214396409719744
-0.12205574149929328,-0.11047385649836723,-0.12957841964396283
0.08966142502372246,0.08719221672429335,0.015342641221455736
-0.013572648827070032,0.05091636007844274,0.11808915561161627
0.07422772080016747,0.09776591814079919,0.04223110445174229
-0.038261408384354316,-0.003880344465059045,-0.06390292224364721
0.016037377234476412,-0.10209570234535174,0.02426373556003518
0.051955983413584095,0.06682436036945107,0.07557715674909146
0.10477969527157216,0.02237252937900239,0.006333530743935876
-0.045428163019058554,-0.01151761324891279,-0.06443407066117343
0.1359099371673934,0.1604723258855473,0.15097441283834204
-0.04851176355167033,0.06073066451889487,0.060802853049538245
-0.048008160488108124,-0.07500413903783135,-0.17147929791713484
0.0192632694604495,-0.07827358130550933,-0.027155470344353547
0.04245615863022492,0.06223090937821162,0.019157761447257744
0.041756322370946626,0.02272566422673846,0.03806179944698688
0.1605095761496842,0.13079867715520413,0.08569090942852974
-0.10417583335541432,-0.0847061840932472,-0.1309835027065732
-0.14099929236245112,-0.10274146279883507,-0.08581111483698756
0.12734826557943896,0.14111724247694335,0.11490609330417557
-0.028726548262722976,-0.17857844365708628,0.04027743889167747
-0.06654091978520464,-0.019939523756297407,-0.02995879944700574
0.06748924039010021,0.08217571656576965,-0.0075440707249086495
0.11470651201507978,-0.003601116966785853,0.19093722321473686
0.03926725229611551,0.11425956929470815,0.13259241449970838
-0.10938052678615376,-0.16258509737000354,0.005608860285657651
0.11856045731935469,0.025835092352367882,-0.08025441340612348
-0.13650772751085102,-0.06303902773130399,0.01628881172501298
0.050876963320065416,0.07430444332206224,-0.021056452158374147
0.11223976630758387,0.1647065262522868,0.21495550047631065
-0.014450598325279994,-0.01897587967015695,-0.04099462770165683
0.1517749059913447,0.09222748519841992,0.17912815479244262
0.10118341402159632,0.03938140345454678,0.27867054826758864
0.07868908527184236,-0.01583026708609439,0.06510086310568453
0.17124319644340685,0.05076532643310124,0.24074720810331793
0.27126144216759257,0.21280914027398856,0.27251656653575745
0.17591898875260673,0.1038778761609563,0.12510619637772288
-0.018664523984070196,-0.07071812022806143,-0.10340364238085335
0.07881003796779627,0.16674548747517756,0.19512489696041682
-0.03331679886983076,-0.010343344896785978,-0.11915842083636458
0.03706309801439663,-0.06507995268002244,-0.04220116968061865
0.05351507829009014,-0.05261239483245019,0.03804430177131801
0.061437640652375114,0.11267499073060086,0.023694863283409154
-0.027534533357276104,-0.036651421702614005,-0.0906657878782151
0.013920259237518169,-0.08691729416514737,-0.23653949529820278
0.10780663623959488,0.14919565606690535,0.014380314204782571
0.04759278763055155,-0.05131599031521836,-0.08871435940975977
-0.007231214902385744,0.06504844700577675,0.04569407207401677
0.03559767486741676,0.082057588688068,-0.07160717280360042
-0.00523483093114366,-0.06806996754433889,-0.035120773871589454
0.10742207634741517,0.07401767323653038,-0.0066485008036046974
-0.053695143323110574,-0.008226281752043506,-0.1489863652974785
-0.0667922542184027,-0.018766190529796535,-0.05814626270908644
-0.02409725059188002,0.049006961596584735,-0.018802064701126255
-0.11310930137367711,-0.22236297617542028,-0.21502579410853515
0.05356765365331798,0.09884404236577288,0.12154679070241058
-0.07359417830752546,0.042466513093167,0.06842303353628662
0.09677912202427966,0.14404917385308091,0.08723847416371046
0.16910684294537087,0.14190655487145326,0.08884440540218792
-0.04485717477800377,-0.0013547702828402989,0.015237058383296762
0.0055178083258100715,0.16139952524936832,0.07976240036584113
-0.007861577664754368,-0.0041043914097353635,0.02056556862846672
-0.048478311798644404,-0.07612955066448311,-0.04963969824561157
0.03919564615990687,-0.037531727647468247,-0.05319889626847437
-0.0116571060907141,-0.11721193779983238,-0.016055977691132896
0.18697542113619386,0.03972100435284305,-0.038795946361874986
-0.014238051038282493,0.015176956439998912,-0.0032752253850228887
-0.039134489444049035,-0.020336941732758622,-0.09025532189455976
-0.017962584640557486,-0.13313495772073616,-0.05662894671631254
0.06461802249619761,0.04292443450035605,-0.025205045126003276
-0.09253186210463854,-0.06819938712146127,-0.31715177564476726
0.08883510224047635,0.0035288735550369917,-0.009824001447272558
0.1413897403521265,-0.030065454572457087,-0.0033347289964870265
0.1103182850109306,0.05686164341651931,0.041829065340003066
-0.09491039291887883,-0.12233481643539296,0.032493506689107464
-0.032311793615031,0.032850477900150166,0.07770234787044142
0.0328820648783322,0.0246967273991021,0.02204113950882755
0.11980889025987115,0.16333069797075933,0.19080360389514864
-0.1298039626058049,-0.14010756335543212,-0.07176548419404546
-0.0658883978607938,-0.016001629776981875,-0.033571998356348616
0.07290006013860113,0.015965075294535416,0.05978770982552096
0.0020477657200862944,-0.01195770297190904,-0.012640237689231957
-0.04904198281949716,-0.07618497899087694,-0.0402041674576647
-0.08921544698470885,-0.21602613138788113,-0.12295853466176923
0.07543629715352713,0.06641169163775179,0.07235670328943908
0.061710399521945895,-0.10398070999083371,0.07215160453001916
-0.023443972770272017,-0.044252297217223555,-0.03669843200848003
0.09293352686550498,-0.027099930670467797,0.05904038519007675
0.06282246583932445,0.061050015843374626,0.09670736070544904
0.018525831393667903,0.034929949169975945,-0.018641071463855036
-0.08078135726425816,-0.14306912389403553,-0.16723189644482786
0.20861867066254378,0.1443295902339991,0.16961268329413884
-0.05247143043602776,-0.019471618814794516,0.03522213319834089
0.018878528506889723,-0.027104092136671455,-0.04922623608278136
-0.09746944110340329,-0.14883469461759366,-0.046763669336543606
-0.13309789765378413,0.02780359254199177,-0.03781274681712689
0.0035401265371425897,0.04399802662251511,0.011598641714206876
0.03047918177810418,-0.006653896193111707,0.036136006814069935
0.002213303901264748,0.0024795670838390414,0.04227116242331436
0.01163821302051077,0.15523070546497672,0.0849580147843098
-0.08522004952868503,-0.03661770833608301,0.01815473801570592
0.05507555492205562,0.006550857036053028,-0.021517154995611423
0.12195388342249025,-0.053557290885798775,0.049392689686792515
-4.7222885813666446e-05,0.05038978733311116,-0.08612112923638615
-0.012292195180618644,-0.09283636148977405,-0.05499830391502504
0.004750983285329077,-0.014661925985058463,0.0019886260552527254
-0.032028573415718846,0.008377247559046029,0.0010322908598894506
-0.06560681077128179,-0.063560048657809,-0.06540546445574365
-0.008597531943134885,0.006921782295516241,-0.03178349912339149
0.002168566755916836,-0.08831225637834483,-0.06347236179541096
0.03360075166918768,-0.08255060522651723,0.03624023705596279
-0.054133293709389865,0.1104347425716702,0.08814196464436695
0.17356658369294964,0.17267248712344407,0.11785001577491952
0.03416013719327269,0.09182930403773848,0.09218033373358425
-0.11933653830423029,-0.028081160570562824,-0.0284969966917151
-0.014609618851639123,-0.017097030782701982,-0.015373652114660952
0.008836467596930745,0.05125108461199219,0.019976647311278167
0.05883322876221267,0.015881928678079426,0.03442841026586954
0.0357084739904638,0.032111864198939306,0.03168527606132957
-0.05409723509624536,-0.0803622643811213,-0.014349314861606906
0.034928605049816576,0.008642160009446086,0.0962938163349898
0.21937018498274458,0.11319884330085027,0.2066503002376462
0.046953499953423246,-0.05235717684791371,0.0646415393970182
0.16584123248276134,0.05710663838623279,0.09992936284936095
0.0066909670852832595,-0.0565775863040371,-0.06863988234789892
-0.005371261531340534,0.0026599703666874974,-0.04750679882183842
-0.09453987148956308,-0.10445150177273377,-0.1351591476233506
0.2127365371992081,0.1135233248222508,0.25052767262243403
0.10909145275694045,0.15545306974927922,0.15897553312507748
-0.030943079601895653,-0.17271568372457935,-0.0246984606045684
0.03780823078375176,0.07339523979876784,0.11848468801100191
0.12713103766240086,0.045831981537255144,0.13006011098978448
0.11245329292700476,0.007043928888101753,0.07920362600890062
0.13947549503388346,0.06051067184140716,0.08802000130737532
-0.07452799847228153,-0.14921083729251614,-0.10731151552477974
-0.0650156248487718,0.04820223352410161,-0.036352806104983496
0.12210461893353536,0.07711804508306945,0.1825047537900509
0.09498580015410155,-0.011983438220554409,0.020040521652335847
-0.000517567771945062,-0.06254249108674201,-0.12336539089368705
0.013073953121042316,0.003469487238336584,0.1012683821428241
0.18548631528991164,0.22102873055389013,0.21647914589428358
-0.02036426672688903,0.041614290565491735,0.00433857438586107
0.12675015497162367,0.08285451619179526,0.05319343504710186
0.18804495910868613,0.1522359963587004,0.22381894221219997
0.12061586242410867,0.10679456798700392,0.18489484343439935
0.06054358317573853,0.09526176013418623,0.05839042310241059
0.0848022154909361,0.017034855600297612,0.07434535566340537
0.08576581070698268,-0.05495754378866689,0.09292547995465925
0.13073285439731963,0.04942896015702188,0.1237199234185786
0.17688452936810573,-0.04016306663792553,0.06486542073813677
0.042421485736602225,-0.09064083601769793,0.03883336183117514
-0.0008227931917563083,0.024506113170680147,0.21105006079016814
0.2029500275262861,0.16088179058635585,0.2533775357341046
0.004856700113242101,-0.04388989124696782,-0.11717967985788803
-0.037435193063959475,-0.047450265087711635,-0.11653320426192108
0.04514632498495882,0.08621256034644113,0.06623449885585017
0.039062774091234057,-0.04775135595129378,0.07624974121359936
0.06427417726864233,-0.053615915364606276,0.08909812800064226
0.09605849564529666,0.07444133126549343,0.12326835366994528
-0.005082536909568564,0.044944729286807004,-0.03790056408454473
0.08572223774272747,0.11128130395986299,0.009580574327733914
0.0009518142427143608,-0.08793825509304208,-0.14578979081211327
0.01411457426304183,0.024592247071303214,-0.10062900480770115
0.13710810051252834,0.07732589644255194,0.06413664777300229
0.14413891818069594,-0.09021507896294291,0.13100388909743835
0.10454624979619091,0.1241181073760828,0.17465233632256758
0.0684945501906013,0.03385830455293227,0.0876786922425751
0.10578160973137506,0.08093245596763479,0.023549577746510023
0.09765162689317797,0.043221002170573036,0.17850875159096394
0.07947424013747732,0.029514426738647813,0.157940795802076
0.05242017509513441,-0.13740587201151622,0.025581721324428746
0.013730891869378894,-0.035010989051076295,-0.007599637779938359
-0.004322542561745453,0.02080754854211001,-0.007607792682760399
0.1877490366217818,-0.04050132416616444,0.11521944824499304
0.001947593352493257,-0.08955940239252898,-0.013038024138658542
0.0952522385505792,0.03226440467708269,0.08475122548257938
0.04832409909188353,-0.043915056902778686,0.07583798178331348
0.1305675340227424,0.05865559811817374,0.03348119270296914
0.11100840229404725,-0.013704722061761501,0.07519632680864993
0.19797683218404133,0.11103364938273387,0.04089608193735209
0.16462013726417055,0.052594249921721355,0.12139846282685651
-0.06353239115757475,-0.05325692837197159,-0.06320941051936065
-0.01596392652439146,0.008604629601041296,0.1149777810167733
0.24043795171525842,0.11731169368674459,0.16656388349843174
0.11845978558117477,0.13818109016391442,0.08025197089940339
0.157708187672818,0.10536329408822544,0.10853250402316816
0.09140915025393927,-0.14579930096289534,0.09962755947455161
0.1708666520731308,0.0015643821222679761,0.20787674494170053
0.02651192286736949,-0.06224509043707705,0.052639538325857445
-0.04143010237315594,-0.15941440788489594,-0.047463575114806575
-0.00338970750693567,0.023178852670584747,-0.03481776748413366
0.10946740463581509,0.0032103713968105224,0.07450254606702779
-0.019027884844916725,-0.079681536353811,0.012584474805115473
-0.07162497197007606,0.02021313231531153,-0.06263955409437244
0.07939672068449499,-0.019359004224584572,0.1348433742185666
0.03837898823639898,-0.06926359100839137,-0.01615064614563845
0.22801370048276315,0.1876688865961676,0.2936465728277592
0.028043004845754428,-0.021564425213483156,-0.02777285939817622
-0.021497853723019458,-0.05147632191708668,-0.14191066065467456
-0.0448471458991786,-0.05704352479121541,-0.010072208078151158
0.03786578525906809,-0.03514315911729745,0.07108219731819386
0.016355706953406216,0.02269505222630395,-0.04046258185036929
0.06848539976980046,0.015730730980547093,0.08615108685100588
0.057059955919788324,0.042485730473627456,0.1273263674696757
0.08306793158963884,0.06538862313792285,0.08231669460060755
-0.017167592409148003,-0.040144586905548015,-0.05772108540107671
-0.012442647795690964,-0.024946419670607217,-0.02284228142699242
-0.037870708129404955,-0.1137455271963042,-0.04593521476463318
0.06620393019522859,0.010553043345340494,-0.01150233193266843
0.08952063442072933,0.055410791960104316,0.06650218662393526
-0.05162984463949256,-0.013737597480851143,-0.0014416651220588263
-0.026059264480714807,0.028995180480424872,0.11145782935490049
0.038894208053124046,0.010091005460415862,0.052880766674101236
0.18487265753607493,0.07992958512841776,0.15488690721979906
0.04077685957595485,0.021251608287257823,-0.06488058230532877
0.2151761963842579,0.11613833615609916,0.22924095442074544
0.07976332472913293,-0.020349142499240823,0.16284774891336215
0.005586978508881789,0.05585096685679491,0.03020772966592589
-0.021683989066989463,0.07824923013741168,-0.010765114525103215
0.028464101068724438,-0.002886921120279729,0.053748975287290224
0.05347091405995979,0.04705864685891342,-0.012816364191689435
0.08115122119846067,-0.0364147454803478,0.04706382464984574
-0.02994754571045637,-0.036670593664114196,0.0776694931431486
0.1084163318836306,0.03404437496209393,0.11848922891829468
-0.015367882083260554,-0.022339770041621628,0.030553138235855606
-0.13016113949858502,-0.09899994600734066,-0.0114128466039968
0.05440927630608979,0.098321822900073,0.029419212557601892
-0.03386709843303613,-0.08780441335594925,0.008073323716414237
-0.00893769546653973,0.06083903772184483,0.010724359463871402
0.06538652393137433,-0.1693098383998129,-0.10982444889951304
0.14482147798026282,0.016023994706550627,-0.030994632346330268
-0.11790642299358689,-0.1669001369664803,-0.016172769630709512
-0.009926673521791076,0.03089057781897401,0.0583495473233084
0.0758495493196836,0.10276725334782635,0.05927960641752166
0.05507675049601222,0.10108501122155823,0.1380299941210011
0.17611352590983026,0.09361294863235767,0.04117371131995521
0.0416271764006397,-0.09448667169113252,0.03476372577489446
0.12894955014275863,0.03378028410303013,0.07640099345131784
-0.013421477877384142,-0.10062964394965855,-0.04167862400685589
0.08569953338321726,-0.054843188162902706,-0.03269794674041385
0.13575762709072356,0.11349008061685754,0.06444808816099913
0.09079720033361945,0.09302555632830793,0.12791140701058454
0.029377737498264982,0.12877796562713015,0.056813980789455876
-0.0007896491145947312,-0.08237750015320708,-0.0038219453313746827
0.09379591502456043,0.11064729430213606,0.1434158285457675
-0.14835767817675924,0.00014991601197187024,-0.02342387192011906
0.03796150646035121,-1.1290321193675715e-05,0.03455378764247761
0.2774749739323007,0.22992971522768657,0.3100890851426669
-0.06310180748066124,-0.14571540188986945,-0.09008426376305077
-0.05905616363777772,0.031972356745002886,0.00717023055386912
-0.04289361330727912,-0.05883937458906815,0.08373769106556739
0.12785728162360985,0.03872980375950087,0.07990548407185524
-0.029194416023647064,-0.05853130886697174,-0.004687084642768567
-0.04902200669379319,-0.08867036890237005,-0.034364242148368626
0.007159244520508948,-0.07139703251036497,-0.0025594851317797896
0.007147098412921239,-0.17732287218893322,-0.12335157405561699
0.057120086905309946,-0.04550604088678452,0.009838241858602086
0.051174658812611004,0.09740772307089393,0.0836343823864948
0.0904230650959199,0.07862453823433664,0.11956070861561877
-0.05611170955551467,0.027789789047153284,-0.020696478003602515
0.0008378075592632225,-0.02007795072486933,0.010697732736643746
0.072356557213709,-0.09825574883168527,0.007991258764466705
0.008711999140263127,0.012976785593939699,-0.010720851315574055
0.17406438727672716,0.09197782269628764,0.16552115966365563
0.131129643603286,0.047427064056860924,0.10603493316597588
-0.006050492311176862,0.012021030261971882,0.056217905835221654
-0.007743527265843714,-0.014353978621815772,0.0034357859081495384
0.04354330624292585,-0.046050196352111536,0.025079985596087623
0.021284604385961258,0.07373381826252023,0.028295512081966293
0.12879268681136694,-0.026470632111033978,0.023941763385528093
-0.049162819840808614,-0.06427255389125638,-0.012874893443989238
0.06970170138345046,0.04103224168105833,0.12285822472544299
0.02996863108677366,0.019376326356002064,0.0437108856260004
0.2852771248786067,0.14846246940315241,0.15387784239898883
0.1408919886122509,0.189553531581224,0.16453819773002518
-0.01160556653069441,-0.06620394136828091,-0.04502298508324283
-0.04309709548896958,-0.028616072214645856,-0.027818442244242826
0.011691440449078877,0.05625099334627045,0.0004933773343435906
0.13745882010860255,0.11345131747733607,0.1274490020396458
0.01568417107420619,-0.04842702221839806,0.052116114947356004
0.11540414015860027,0.10711150470548245,0.18616273875985484
-0.14441998851221408,-0.055988536194379365,-0.1641061882686627
0.07105063120353347,0.03965600120330407,0.12179134400331673
0.10031603816254961,0.135507487679475,0.13342032943559062
-0.03299792147180546,-0.07246295716877471,0.007625435434327757
0.10284681455754081,0.06954201558542406,0.08691018331087733
0.08190518472318702,0.051443834042658364,0.010916763400231082
0.12197287831476827,0.12286871404613477,0.16282952763393013
0.06337522153044536,-0.018435136757611808,-0.034401775588602766
0.031046357920894198,-0.07099326044459608,-0.04961027583129181
0.11987013341558546,0.06480109180008942,0.15347257325154398
0.19492474992786427,0.07445070409600306,0.1746197626034688
0.07913443022651968,0.09341086725173775,0.07678385429731037
0.1600619789483124,0.10561602548110181,0.14268189164125622
-0.068889318497759,-0.06483878657624659,0.01613630634306643
-0.07436656453961023,-0.025422301360227544,-0.11616560778442486
-0.04902986712848496,-0.0941838968715269,-0.08167888262844478
0.3072259573898794,0.1717258381321169,0.2838058389360724
0.16114012742133005,0.14807350122689428,0.24814126132779427
0.04392196398760345,0.010658023707325506,-0.05984602030530379
0.02022782939301593,-0.09953953747551833,-0.20694259441867946
-0.021029151108800055,-0.13743753695504066,-0.12229014506412621
0.2626358056302853,0.17867793649731165,0.24664921138737184
0.15747637670966158,0.116427320202665,0.21416324938068507
0.13273940041142418,-0.0879896195123328,0.1023206013454076
0.15841793242585234,0.070657384941409,0.19971741251128378
0.23035933873846376,0.21453129953013042,0.31002595676645894
0.2295270593562227,0.20523905235718554,0.12507185008205057
0.024577319729498923,-0.15671058252217948,-0.16364670308840815
-0.17136030567113122,-0.149595740573454,-0.283818841615337
0.08459349977782768,0.06520733321104995,0.08952465734626727
0.07211212907079684,-0.127002790718985,0.048059520438224666
0.04386075633265128,-0.16460474788907936,-0.057341944298922795
0.20520900253551325,0.12260578870842717,0.15759262411714128
0.058728839444485294,-0.04310317424900641,-0.007116036600710971
0.2365880519799672,0.19883681606976258,0.22788714886038675
-0.079625871265238,-0.052219885705331016,0.03307439644883543
0.2436625553233774,0.10247909348944156,0.0610504523740139
0.2700653229121908,0.13450220537058477,0.186102819583256
-0.007305307397812821,0.0108149821588183,0.005428397024990427
-0.024776976493957954,0.16793512640260763,0.1543254779029812
0.17113343780335677,0.10537138396241251,0.04641550663616727
0.41897037619480076,0.47388115599517483,0.4685262657353681
0.2482233720869719,0.151201943429644,0.13170929571917878
0.2674084716500484,-0.18973534259093602,0.1294202078787068
0.05943803833613796,-0.20943526816653946,0.025661409225433023
0.14986802058872226,-0.07084998468193965,0.04005051685132434
0.0540065238298484,-0.05671649515656101,0.006952492931935108
-0.06742956818816795,-0.11161510150497034,-0.177578005545144
0.07121603932681224,0.05574004352895903,0.058930583495995864
0.07767538802874967,0.030244059078712963,0.14392966020798184
0.05897829904919157,0.08513510906131379,0.0031865394582418697
0.1366796090067204,0.19501948868231264,0.09756040362044993
0.04426270314146,0.04359121305665948,-0.04960072351344443
0.18405019740593143,0.17214819048689725,0.08553688612546916
0.0892814282531098,-0.007388654757633551,0.10989953318505435
0.2362568008642874,0.1598864418964122,0.2205004335064913
0.04728750545137467,0.031904113102546164,0.12076883370122272
-0.0036543674195817374,-0.11850494356012191,-0.09968687830525418
0.028195642853628744,-0.03253301013104592,-0.031188180102645534
0.023825723421625283,-0.11643003641318972,-0.035469314856603554
0.028015886384084074,0.2303995048162631,0.034011905615744666
0.05736212264682291,0.0075333191205491645,0.06701259676708575
0.053731755446309856,-0.006067740397636383,0.025292423901701618
0.052453120446649515,0.00879644750609527,0.009193864686890315
0.10905715606465229,-0.0031451567974027967,-0.025348985792059076
-0.028771473268301928,-0.066373032791115,-0.07223464864135754
0.08081825962439358,0.054492105800447,-0.05496298499320082
0.03761886888267744,0.07743900417437018,0.022655175213931737
0.005542095945000395,-0.0388517538064981,-0.06209442669382787
0.07824203556120926,0.02960791845783956,0.10820837868093273
-0.06885139621395198,-0.07756176932674377,-0.0716134960288861
-0.053703200706539285,0.06953573601393088,0.10582452625237047
0.08512054018049296,0.18006039634637622,-0.03357441985421646
0.161173974071843,0.18679209992650686,0.2589724180336157
0.0873854764872099,0.1696222885599873,0.10519657976683577
0.06613422437393436,-0.17204002599187107,-0.13782119089784758
0.02021518530809034,-0.020498164311683238,0.06946058921641696
0.041436947087297525,-0.14945804289599632,-0.10171674735866272
0.004105541622291931,-0.07318436317181684,-0.045825231363096235
-0.09568215214449692,-0.0012466495219140303,-0.08380444411007133
-0.03898696163996135,0.018422773623068225,-0.011561641595489757
0.04221930249585974,0.028054371292360356,0.00656059455716054
0.129458318987796,0.014008782332365128,-0.18029798950701958
-0.0500606286747373,-0.0557496762857893,-0.12120085297279529
0.10501351818652013,0.06174777193709228,0.33059420035530607
0.1164516881623693,0.19330662954868433,0.06556275188861616
0.05880495437423074,0.02233185719298646,0.11768132720197741
0.1642414273674771,0.18850589928087524,0.14255786369837392
-0.005225016421076046,-0.07529972528511676,-0.029243635568597423
-0.11891534796406288,-0.12035470353971801,-0.04901459807985434
-0.016355514287174227,-0.2215060612870051,-0.07288147343961651
0.02516274409133272,0.0856838305743381,-0.03923407772646165
0.06406814188266925,0.09645028368881853,0.04482633285252833
0.0635950724949146,-0.06579818237855053,0.06474964731062134
0.11027033448148639,-0.028398411344582385,0.03027252861418636
0.0754643027926755,0.007783970348537889,-0.028690835827526455
-0.06240560842194378,-0.15601699287031226,-0.01016105034527001
0.29871047220701746,0.1761420469364351,0.14855914130459857
-0.028856475559124836,-0.004193558043450948,-0.08616085073809034
0.25472632113827254,0.25156783785882575,0.2527601632132198
0.10234649570908522,0.06251219441418507,0.13390801852059037
-0.03188379172505066,0.04859545727235783,0.004296168780913387
-0.024462312579181557,0.08807416289798103,0.08517709762733107
0.13763550649848408,0.12365074328968269,0.08467799829062955
0.21237817569055262,0.19268737717388557,0.18754589985420264
0.10093207269343772,0.05735375062456503,0.027502435843622306
0.1416456887122247,-0.14142378747760947,0.13514315942528277
0.11080278906421648,0.019152161039609913,0.15242086042769062
0.2100603783902612,-0.11251659383104305,0.15007783067263825
0.01663939227910024,-0.09023587548184141,0.04112349880195354
0.008922018143032902,0.03430769962875156,-0.1092073100140673
0.025830877205651356,0.0032959884923521366,0.08363004283100353
0.01627663816085577,0.08007948113880216,0.04111090767529941
-0.012805232028009891,0.014297772934605005,-0.07030043238342085
0.08170937156145061,0.07277194399011519,0.01909321848762638
-0.008242271753901338,0.0525777098397231,-0.006100865246923962
-0.00801085440440349,-0.00021324789745583072,-0.027222736796287523
-0.02573194660419284,-0.058663224268953276,-0.06289851915603557
0.02033219276782926,-0.06151631430840674,-0.12656392270700184
-0.030530777383943733,0.008719917500240556,-0.014175748801314916
0.07672993646661427,-0.001602206669339245,0.06742718775019507
-0.02111671886803416,0.009473924988427302,-0.020826652692587457
0.019909133824157505,-0.0014125243428137662,-0.010799708048246084
0.009047457363829134,-0.015692284809755885,-0.05455043214672806
-0.029141933638576003,-0.062147177143167406,-0.007192287346522185
0.08455989245452354,0.03018801524688296,0.11596375057800744
-0.013227894868377783,-0.018726289111248587,-0.034689523327249824
0.13187299759015436,0.08597587620807129,0.04951757305646135
-0.03314090116347294,-0.07308643259745105,-0.04093045305112287
0.1061363534701818,0.07429635237461558,0.04355590285023731
0.03350565088147622,0.04826778197947648,-0.1008406820997344
0.00747284517219432,0.06175674560610268,0.06731579490302972
-0.10524595484873066,-0.05959295110805628,-0.05151788208483717
0.1596055882070568,0.15907260093159034,0.09279271420273229
0.11237222096253893,0.0667179016172959,0.02870284902959561
0.10594629096093178,0.09314515060250975,-0.07527395599782959
0.10997387963857438,-0.16161330940409097,0.014914483890884194
0.03352269995285713,-0.01581978543995812,-0.05940706499422673
0.04519125038990369,-0.07155452372968453,-0.01868783140072201
0.01627649191090844,0.017563302178903267,-0.04196792010963809
-0.03373105850498353,0.04209791192079701,-0.0014472964611045892
0.052840720802045445,0.08953866287125131,0.04437732193687015
0.04120138755646201,0.06479011430193182,0.03374429101711833
-0.08158475970725365,-0.1853835416446764,-0.21536389716443796
0.059457050137335626,0.08108522583755658,0.05963369548514956
0.1297147721939218,0.14530161618363732,0.12108822998202655
0.008592163126058346,0.03548914078394831,-0.07284789752133489
0.037517644539414724,-0.003995026531669648,-0.035332840494312324
-0.05015565725214825,-0.08606476130168238,-0.05346463746398334
-0.09617307476630411,0.015095803456834062,0.07286649715376475
-0.01831805826059764,0.09847522364530034,-0.0002701948070820955
-0.023632237351609083,0.05450305694518802,0.004021806159427941
0.03150558146600584,0.06000298355110727,0.030200729357710808
-0.11081254288721964,-0.0691635298402621,-0.005662674234547189
-0.0025399145975358852,-0.07246061220276699,-0.05597569788922027
-0.03419365315271028,-0.013025525710528734,0.012216376620067505
0.10505094220309055,0.03375000793849465,-0.11665135861923463
-0.07732320570129862,-0.007558363407333623,-0.01926514129202987
0.06569188206768799,0.04699563131543301,-0.006391100284597416
-0.11361988043378449,-0.026562244221110153,-0.1776036552428078
-0.0655837914015771,-0.06775893396890854,-0.011415939557896881
0.0489390274988853,0.03959292440721275,-0.1045959119704272
0.05294031413155746,0.05586925283815958,-0.18688802942702593
-0.01954162309256286,-0.09695202766188497,-0.1789495923559003
0.054458026105786574,0.06632812703202552,0.03680859156192555
0.01105619186457565,-0.28456314911981473,-0.16402717959192406
-0.044536244427113576,-0.03232413963645063,-0.028748170127259606
-0.057030951719725984,-0.18034051769609397,-0.11257053677226996
-0.04917987906906411,-0.0875889304740019,-0.0783679802342683
0.011078541452270212,0.08308408383824162,-0.022207333170907548
-0.11934916167913986,-0.06472637205992524,-0.1769583768400165
-0.13502406025904942,-0.08730970027986333,-0.11600336000769819
0.017697908072786754,-0.008479865135790188,0.05678037818079656
0.09163656097653981,0.1337712869978074,0.09001451915388285
-0.001773428389848668,0.03772516640912237,-0.02876105082365024
0.00748964575561977,-0.026029614950428593,0.07605159901110524
0.008158214717659104,-0.05505784013850875,-0.02519273237645939
-0.12536169393135194,-0.09303080609187823,-0.007645592395125313
0.015938728384322663,0.07078298570910704,0.042063669191922344
0.008115643171379198,0.01152483157033155,0.012035681120403268
0.11965365698602855,0.061009897642880284,0.06347580478461708
-0.08562277695400719,-0.07266890271376884,-0.021828947622592486
0.003994987009853158,-0.02705218595046,0.035296545377616
0.04537280588745568,0.03570490442600506,0.0792724257702354
-0.08984138752942812,-0.0837275118514528,-0.12317166144229263
0.030460456286263798,-0.013737354884601361,0.0013307439753569106
-0.019851303104800506,-0.05211828556942695,-0.006979630046850993
0.055517028632370145,-0.04620695423514396,0.015213545093775236
0.021114407596762336,0.07296454679688609,0.060009384611650014
-0.011284194527635552,-0.02996059712028736,0.012596611509070377
0.07963928470787411,0.12604671284934396,0.10230092317304419
-0.026735788949592408,-0.08041115223745365,-0.023458345779498423
0.16770392077796575,0.08356838476879339,0.1150124496417267
-0.08984698559031525,-0.0814977093214068,0.026332096146841077
-0.007330788036300548,-0.03947564402597031,-0.006062191017907744
0.00022965473903452927,-0.018012241832975784,-0.05066239335021559
-0.008652091966296613,0.020588901828899515,0.03750169519712276
0.036102671249799725,0.043440827678587556,0.043341889995502474
0.04247160384554133,0.03809161588870991,-0.03380180849988726
0.052917313509847734,0.025811183184499507,0.1319422468945452
0.06938452174449775,-0.11450356118337686,0.008035681828954555
0.010322603265563102,-0.06502714610198677,0.0009863781205810794
0.2652102380073336,0.14522792260354073,0.2028554041758057
0.10856235619716689,0.04352917473814768,0.09110778954202078
0.2069240881379956,0.09111618284043875,0.030693311631311896
0.058386690890736205,0.09975211410749062,0.053915330698561775
0.02317363774134177,0.05367368194949403,0.060344314511898825
0.17223432919338563,0.037414273281269415,0.10818575661553544
-0.016213914656235992,-0.06493816816231579,-0.007272212674613066
-0.04514063959699006,-0.05173085354185111,-0.17976453457251731
0.15348550746945466,0.1651542083236445,0.1361115699935512
0.21359781285225282,0.01175377852947578,0.1269007492522296
0.008779700681250668,0.12008121018834536,0.10349233932950283
0.1706642516909709,0.08234891057901916,0.17432798383661235
0.1971933321374601,0.13242956742300965,0.1443115574918635
0.004883021729103872,0.01805549681330819,0.05871810989604001
-0.011015608510655441,-0.015034978319943914,0.10158472643922367
0.12384991868575565,0.08984253416081074,0.14001666858145528
0.07569207098975317,0.14078430011428658,0.1926247251385482
0.17220440951468421,0.13322332783434804,0.08762126623313263
0.35513393873284893,0.20975068651596007,0.2920960683759808
0.30421893461625776,0.11957695913129027,0.1661041745288781
0.08956607983063808,0.0831391697602317,0.13609280365244258
0.09884874470658417,0.1350330029044356,0.11583399724301359
0.00204882131609484,-0.06218717525928305,-0.031340923794635066
0.1287667505898395,0.2037377334781921,0.14316991317452235
0.10283020581075804,-0.06386433556370175,0.0505354616920591
0.04252788195410772,0.007969659222847945,0.006445238647446562
0.10383637036324725,0.0621831884679763,0.2634966164176111
-0.009446851706958232,-0.005342558021989996,0.038043627047537165
0.015149466381927776,-0.0011984986070862139,-0.0057998377618594206
-0.09781379380798809,-0.14339258374405806,-0.12227230087555942
0.16988311231292505,0.1776283867986087,0.17454706910716136
0.11856850314854576,0.08199995554468323,0.08796563684333299
0.06315395347246533,-0.06558417058568172,-0.03921269896720007
0.06247325240987214,0.05940819507773895,-0.06862986960479003
0.06374772384613558,-0.04842172856290325,0.09731030168469311
0.023698553640019496,0.07901752703267682,-0.046233918657362885
-0.021286843497928566,-0.012798122834523732,0.021141195085398072
0.08731961550917874,0.10480123434494128,-0.007105760708899049
-0.002050976294845464,-0.06814392520155031,-0.04494562942272417
-0.04854283724028159,0.0020594802006045796,0.04733007424662188
0.010166354132027816,-0.025781957049574113,-0.02839870689304665
0.004919165737029105,0.044212510076284885,0.11121427076271992
0.138955371329031,0.11515913576112059,0.20277125833444937
-0.002955255119456442,0.08610657450561655,0.04147324868329822
0.08696414004684709,-0.002354429517269383,-0.01390704414626745
0.031170981803865523,-0.08648530960195609,0.052544814614645975
-0.04244525538408089,0.0217038851361445,0.0012869583195918746
0.0056391733696160885,-0.04793025190099593,-0.01794473002776097
-0.028799468545481457,0.04417491907529199,0.003609314973396033
0.009805650761961297,-0.12065718550347539,-0.011968763097878294
0.03851064854942174,-0.007646433887698967,0.059366086750262205
0.2129128606028088,-0.0008793757881782546,0.1552776691507005
-0.021924420951918763,-0.025459545678943797,0.0013921230085391495
-0.06330897167975885,-0.035813917955012375,-0.04746925249819333
-0.02191490704256016,0.08408905577364367,0.04202839320576857
0.019801584364470395,0.08846937408101553,0.0732325755704706
0.14049375430129463,0.001035322889238106,0.06833232696476886
-0.11535059568567409,-0.01133684081688294,-0.03896446966226919
-0.04664079819805171,-0.03560054240834071,-0.040130224348052405
0.11564926926687014,0.07832174265616118,0.08393787071341151
0.11378754502217242,0.035134771496197724,0.15746105475971162
0.022754170085379177,-0.02262354046170754,-0.04331438321006016
-0.10233150085940594,-0.18006258463382285,-0.03654874703077005
0.05974700795765254,0.0154701713668327,0.14158282153908125
-0.06992410850912187,-0.13521046605549664,-0.03726355863189454
0.00485890473338143,-0.012376575000124925,0.047717918749205696
0.018756323227059234,-0.053716267061004006,0.01789534693195149
0.08121555770318838,-0.13483582845818637,0.05234466624126078
0.028323384597126633,0.04349547485621291,0.16586484618712927
0.02882334972487493,0.008399785117457955,0.036317686279513844
0.09632261394772888,0.04378173017687258,0.127407132778837
-0.11464527735625236,-0.0004121851882438651,-0.07692623958944818
-0.11114855798489708,-0.06342429865921384,-0.025018501868357447
-0.08896001773993957,-0.07740270619320114,-0.16530058583625182
0.006926383137643491,-0.0030149329403858123,0.024318542277914447
-0.003611696754239267,-0.014457765915067575,-0.043607351199241466
0.13050086342780218,-0.0042943091035489295,0.08517058530130482
0.054007775417119645,0.010702041121012659,0.04589919482594746
0.06622563565134738,0.049541900405688094,0.027638349580400907
0.08082144450404811,0.0494940585298968,0.053609214819776985
0.06720858712632966,0.07165653459330773,0.06705666970563101
0.025512010433560814,0.01713544926766895,0.06580522561382439
0.054839988940807535,0.0161416796509184,0.06339487738562652
0.045683227123682085,-0.034824529407742354,0.018154415550651302
0.143303090389276,0.05513701016895671,0.1891963406888897
-0.06277553183336025,-0.023043401047628476,-0.06444240322551492
0.057879534220826936,0.07175973017332099,-0.07880908827379644
0.2357918175385575,0.10844914593763372,0.2534023473978522
0.03647808018955721,0.09775202755409451,0.17845944718115217
-0.007153308813881568,0.04110860594377827,-0.018181239031167994
0.13472024002093144,0.087744965071626,0.07770100460133184
0.11418148776398421,-0.011340784363770623,0.05160534423434775
0.02881009266114778,-0.0708583160921142,-0.052107774944592136
0.03142154579237943,-0.13362772250292876,-0.06093245894698526
-0.05688711220675938,-0.06608297972237018,-0.03559516440704882
0.14488186891076324,-0.0552970362830745,0.025584964921900454
0.2330366392015406,0.13193047950973183,0.19596975765843935
-0.0005412611425416834,0.07684698864515188,0.03625645820508687
0.1562938842852789,0.05883368213504095,0.09310502187109118
0.023807743950394762,0.01104441307361065,0.006660350063748441
0.08968569881400539,0.02196388295057185,-0.0282259378258573
0.007154191055368323,-0.0947780630919713,-0.12611067044651303
-0.04898436221907083,-0.05125135744227556,-0.010358293855315224
0.14187676708132502,-0.019296324165156743,0.0892509328137947
-0.10375433288476124,-0.12171263838811554,-0.03687736051886043
0.008376096641360596,0.015722000540287138,-0.014125581266978668
0.07394436120881807,0.05451408064782108,0.11697451347415201
0.13960351740496418,0.0624453456694079,0.14199670286263574
0.06260463606946104,0.1385351239854273,0.0741990502219032
-0.02690665503834684,-0.018546559287077165,0.06722683247803618
0.10845294871244177,0.010335609533325655,-0.01495525494396613
0.12584688711982694,0.1482365858594464,0.12912596360981743
0.027205815307350948,0.004954345376174285,0.11850857358782603
0.0555179390865443,0.030576259192738695,0.1454613057788886
0.13390582840985255,0.09704493624507987,0.19378995677894575
0.12545719981315806,0.0361260243191952,0.1660743154999295
0.33305158921953354,0.13913668608579022,0.2516967690944468
0.13411319941247457,0.026053509397310468,0.1425283769565134
-0.09141109515841025,-0.0010206945843538727,-0.02637004437052947
-0.08100290474104561,-0.07584676563049537,-0.055514930339375046
-0.07981137887243255,-0.030452144094012853,-1.6097453187764582e-06
-0.0018463138845452056,0.011537945069141431,-0.03487045755347096
0.12734845655938862,0.05702729928509351,0.022119694680441893
-0.07307133338499586,-0.01060553048612499,-0.0727920618122828
0.05217270683065813,0.10840482295800559,0.06163950311923292
0.04581916596722102,0.021622146565295187,0.10288901097036791
-0.07114836639159414,-0.13088490721238624,-0.0013667995034294426
0.12467252709766052,0.06963742766606913,0.06830153377028002
0.1209668494761703,0.08689023366713028,0.12110114431760592
0.048763561215810255,-0.016857453877032313,0.021622101328681365
-0.14326761141645242,-0.07162179222281594,1.42231205844222e-06
-0.025918774163941772,-0.0671124864252782,-0.03040237482902992
0.2740221155986651,0.13901907549326153,0.24162377689064976
-0.06257768630101454,-0.04721556101447939,-0.036245582895543534
0.030549404052413173,0.068144224594069,0.05498464006888183
-0.001945582286500546,-0.12015403503528688,-0.049851609911144096
0.12953179438772675,0.03669631062088953,-0.05045907307124624
0.10751091508453711,0.00822367443609093,0.10318352014510301
0.09902349870701958,0.005386703206344098,0.07614323404283674
0.00841955058391147,-0.036484286141633654,0.04069513953963443
0.1316108943828912,0.13024925378845723,0.17368823669642405
0.16106302802543573,0.09017215156266854,0.1124731648957895
-0.060541857687329885,-0.08247950403420093,-0.02786794148497691
-0.016301004222047187,0.031286579596434334,0.06465682517614452
-0.0002741095508077057,0.012684730477570459,0.07828819950882487
-0.041217195998131444,-0.04952272344269812,-0.06957545172721945
0.10471412244617842,0.11034718920819603,0.1429151616052991
0.0075410011825542845,0.06707053976579616,0.11697364801153144
0.037739858867976504,0.009997820218774883,0.055632429139886704
0.046411920086955306,0.0810845872429155,0.03993983463976452
-0.01898409478075722,-0.048204953513436656,-0.11679750660806963
-0.00988671798597296,0.012678959563025931,0.029944756349467
-0.00923125626080166,-0.01373254009130924,0.0005033004837745947
0.07023448216987901,-0.09908685037021565,-0.006384597361050412
-0.062039169064574705,-0.061810259670624916,-0.058393300984791736
-0.028843036748542456,-0.09907561027295768,-0.08848506147547555
-0.02923078899216996,-0.11062136090384314,-0.03441935423195238
0.0356216643548855,-0.19492100431267884,-0.12507860753514108
0.006790353723395995,-0.07865983473135663,-0.040901254969738544
0.1269515903563366,0.14355289974390234,0.059132426150434556
0.015719989989568302,0.09191359658672586,0.04361770625171848
0.08268542191016422,-0.03189498027807227,0.019024330431023945
0.12597835870443946,0.08449002640855495,0.03239507683981971
-0.04335445936401045,-0.016784287213763564,-0.02598938386981885
-0.045162757236525956,0.009458588326553108,-0.0025318847852730574
-0.08367811251293773,-0.10022825607364952,-0.12285913598747107
-0.11658085308148673,-0.15964668409937988,-0.04940872768697129
0.14070669641600045,0.1779362715160606,0.12958643347808188
0.04642969191415428,-0.02192705067377575,-0.1592612129306506
0.03697779640874534,0.03070218815961849,0.021112395271658105
-0.0350274447966859,-0.07305978267694757,-0.16514684631018034
0.034518401172885065,0.0938630155407427,0.03447056651863034
-0.04829041210714782,-0.007141532564698738,-0.043794082475837354
-0.05163172922426292,-0.05728148570246055,-0.07675421383403726
0.01623815320009277,-0.01125530819647884,0.01108816401841873
-0.09012988282848687,-0.05942378807855567,0.006594112505367669
0.11332165089055103,0.13570787081418556,0.06111864347354394
0.030630914338878972,0.052719441519644195,-0.08085961735805325
-0.09300817267094216,0.0076694850109233536,-0.116498252245066
-0.07359834543234073,-0.21538554561847362,-0.18805627392913069
0.05146261974693136,0.13805552313089983,0.07729435671192357
0.00461684915148257,-0.21716262725266766,-0.1754820124536916
0.044131100817455436,0.04132428828291263,0.022601475974079067
0.03416995480874965,-0.08337417799363477,-0.0947217071153521
0.042334311337898375,0.04525353394579979,0.12182282185006497
-0.007904888017631981,0.03162864469304548,-0.06359528744265945
-0.03820189986994198,-0.004427620413766052,-0.03739778374114765
-0.004868716307746797,0.06975239686958709,-0.02181958701585882
0.051260450805814324,0.024040528855695648,0.052408901539191054
-0.024079976126328118,0.06673177777824547,-0.167730757692859
-0.027716690646920904,-0.023973837653480053,-0.05520867880510492
0.13401427559492118,0.1022020605006196,-0.05077251195265318
-0.006359851657414076,0.053521615245668286,0.05895041301970637
-0.014805433426833322,-0.032870275661975305,0.0005817813247579538
-0.04190746043762083,-0.01459359369652583,-0.05576237751187404
-0.10020006883796655,-0.05806160556017498,-0.15015823621572602
-0.007156403805238028,0.00987796713115876,0.0311045841432676
-0.0006613434228765144,0.049008763956310514,0.07070370486531966
-0.07169826790193903,0.051804294835007994,-0.07733629909495272
0.0021921391357697627,-0.04270311734596819,-0.12887693459503025
0.05083419182308234,0.0861779108877477,0.11269498061211118
-0.032527273716250193,-0.00012893430165577773,-0.01977907526575519
-0.08030697982119006,-0.0690523829878335,-0.07701879265295473
0.08578011355526169,0.06158530060031866,0.045237401484257846
-0.07109230629393912,-0.020463851084075314,0.041165547753078444
-0.08378200200510146,-0.006051699481784908,-0.015556410758901596
0.01473458170232905,-0.03839967545672242,0.03670493484337838
0.08683220398155989,-0.03842117003771206,0.11475465759879039
0.02941815504311251,0.13440277063693884,0.13050399418686442
0.07516126489957921,-0.011668811235542401,0.06657366190053624
0.15392022697440266,-0.009372248227855897,0.14716868570296526
0.010760693395510503,-0.01628865884131535,0.024318507055805818
0.14878008883688323,0.035909734445928806,0.018717103355452444
0.01780809262458755,-0.1583922412697706,-0.057093871935944
0.022633765863821962,-0.16769214978744734,-0.09870618342710115
0.0976640288291065,-0.022576559215781156,0.08089369123606074
0.12833632009923202,0.12898845284281374,0.18482536998582655
0.09654014064609281,0.07668088685273576,0.14658722721512352
0.06389664163506881,0.0960713598263702,0.1884036422998245
0.007151785331045482,-0.025322081720970134,0.0850124176729003
-0.06061963988043024,0.006307631345809259,0.046695937662609495
0.05639772801813187,-0.12535574281782952,0.004293732073363676
0.08196133173596121,0.09112299693822325,0.13297472306808533
-0.014963109715443316,-0.013865858222229266,0.020806774059145265
0.07086265745058941,0.0001247886927640224,0.05675490837385112
0.08187217859352026,0.030472928557420256,0.04635545230627693
0.15629026092621673,0.024560446827698548,0.13605036528792833
-0.062402375866920955,-0.10121731489535436,0.011425342166599215
0.13826712566463906,0.049417356924002655,0.08058980459742429
-0.015942085072987937,-0.09123427065778311,-0.07531475343698708
0.12760013233881426,0.0013106561617328744,0.025134282737641202
0.2114224853802682,-0.07521746937105116,-0.00992656564421583
-0.08566258888672504,-0.08274839348161361,-0.041931541943617465
0.035909009580375566,0.07265750231660562,0.11841308905404264
0.08462717800068927,0.1621418016074143,0.10824204260728379
0.056278614335264744,0.03304261616529222,0.12585249543032867
0.12509599072270017,0.07633367239122735,0.18997937692507308
0.07075535360870744,0.04756049858737329,0.02997346979418919
-0.06189441862056225,0.035145639616648086,0.08601375039557246
-0.1068243974991298,-0.022418114749241266,-0.049126066950431896
0.10527590938168925,0.08699943671853322,0.11838914539346174
0.09737220903471554,0.044218877326714146,0.04382453559039287
0.17186069847375554,-0.00850968272000626,0.060119979134079564
0.10961882423112038,0.04351093729821768,-0.031574294760481236
-0.06280024698392532,-0.0656097104869525,-0.07509171386207125
-0.0872385990153802,0.0031029141917277665,-0.055473075706069595
0.18374610046650036,0.12141037969973473,0.07845294246462861
0.16720429264016964,0.0647545636014338,0.07774414792901224
0.043885492169183415,-0.065713741263787,-0.042441713797962875
0.14890266600829508,0.06530379686767117,0.2332660336769747
-0.07855342466044218,-0.06959334120976406,-0.00451612140676892
0.006573479780546111,-0.023654056554822223,0.11223436538928226
-0.12355375411735058,-0.06388965496194673,-0.09356711902522977
-0.11475430387204555,-0.04232991775148942,-0.07063048769414178
0.020558795086381046,0.05698170436949614,-0.008085169342169062
-0.06221672476889956,-0.04211290685805826,0.019539621989206498
-0.11158964695096622,-0.009391920443173121,-0.025270712547323063
-0.041331893098545534,-0.043710070561389806,0.11959618701041111
0.17512497385956355,0.16635331278648596,0.191745932613173
0.0034045851416663786,-0.05328032854728288,0.0621733596843181
-0.002304343311783442,-0.029741245176890016,0.024490868923514784
0.03454517080464655,-0.0261070106103684,0.13578051525816703
0.06732235193266649,-0.0014920516893236048,0.06701892766792404
0.08226062944682608,0.05407371793595192,0.06669008740244207
-0.04704924876604996,0.03594116173076203,0.018002068150381818
0.0642454033683626,0.006345090341045215,0.05176611247273141
-0.024963783866745786,0.055934384929887775,-0.04818397791076613
0.06436227390284759,0.07291076999887715,0.05749785410150745
0.11335915105824182,-0.06335698813839065,0.10377802877368916
0.12630555473169175,0.10840576978336365,0.13351570064331336
-0.0056452894368874944,0.004216359452184663,-0.08235617701880336
0.33861508060864975,0.24127820713615328,0.14522447718612141
0.12671281948627255,0.02791592693923488,0.12546158859720155
0.06531123961819937,0.04698853660586642,0.11959040938246802
-0.08591209933637521,-0.036937323244819104,0.0284198087906456
0.21894971036613664,0.1390163638431854,0.1800076888648456
0.2536796762279124,0.2000383076567766,0.07899027459389776
0.22514139082839046,0.05555533197900961,-0.017768807089749265
0.2460015468731846,-0.12830950140997865,0.24151071011157454
0.19995467345760104,0.022993045157579585,0.15690318382095736
0.16986230482230355,0.010535827031513382,0.12882239175006227
0.07124385921330538,0.12042253945853344,0.22473529449558682
0.11921764771057718,0.015435189190471241,-0.024982233215782506
0.03682996534971556,0.04253853880743248,0.0958262353050399
0.10612423518296238,0.04043130209285626,0.08543736595956622
-0.13157846165919262,0.0033589291912950294,-0.046241866192408144
0.014152964054440888,0.04423884151356595,0.011043066635698328
0.024176268984362377,0.03677287812446625,0.07957403242494838
0.022738963677564443,0.032801974327034675,-0.013047000718322528
-0.057881104580787573,0.009576407466635633,-0.03217961688094395
-0.012948085241144311,0.0078926905625374,0.04889156944735802
-0.008937575707074714,0.05390124510157916,0.048308489028148424
0.005869596127586414,0.12053326904932248,0.07525931190146984
-0.063007135059052,-0.006353338080895054,-0.015297397158186983
-0.1320382663705518,-0.05786008069922782,-0.03861570767051217
-0.12053471759651609,-0.08490974289339101,-0.07871867410484723
0.00767263833172514,-0.02042000912602096,-0.044627211396220445
0.11053531566711029,0.10656059555668738,0.06447512026191049
0.07617967564602873,0.14484761679486435,0.1484680978073867
-0.020149836992417777,0.04769259129124086,0.05429599486285414
0.16513774455954502,0.14127850638721678,0.04978459244998101
0.24133345937928063,0.15418067916812545,-0.02411479366216641
0.23666089541559568,0.12493480645569217,-0.01758367879919003
0.19928992143390395,-0.14792598060338719,0.18008121224519422
0.09161130578187944,0.02404758178608898,0.20543297609958872
0.13095296597129433,-0.17245489922808058,0.028007963055292243
-0.04182104133819736,-0.01391345852283925,0.06551327350435503
0.019895894866985616,0.013051092263341613,0.04117850631880704
0.04234857502779994,0.13911771525290376,0.06838863617658776
0.06190530400130043,-0.01998227027501434,-0.006764504142046586
0.007222883521475729,0.022603295362714566,0.09193165082124992
0.13972574716378144,0.028679577693078297,0.01849043025576315
0.161060527824804,0.11765508683003291,0.08518243052435893
0.3423136787973045,0.18139358595530444,0.24115050626570142
0.11704742056615138,-0.15657322050011102,0.004630277182436215
0.08239140450922192,-0.020231836887866627,0.10259913418387981
0.2519461853655498,0.028417735387011187,0.1467388265101276
0.2786732064742548,0.1846460947006369,0.290956252043956
0.00020534245181480002,-0.020038938348939623,-0.08574976975938131
0.12144213643034653,0.16246973140299645,0.08584496813397727
-0.03344639206662065,-0.08349300210646486,-0.014422280846272274
-0.005904121882807968,0.09500183257580583,0.10549883702517433
0.05506871203038277,0.003194258517930207,0.03660658810867339
0.024648720383486238,0.04161768509756413,-0.03462078235281151
-0.0715429658344994,-0.020923940083765143,-0.01998231331505969
-0.07052731523724966,0.06915594291786908,-0.01761705568226857
0.01949748959363896,0.04412095233489318,0.015041167209491368
0.03688279007104775,0.05246805515227311,0.11561238417220787
0.01033382420317715,0.04299395597101876,0.06685487395267888
0.01107900703822848,0.02481804321547867,-0.00280052391849752
0.008292968288499103,0.03613963453807449,0.002841973885566263
0.0138474985789764,0.12248384520796385,0.2131065030692062
-0.09052104159479998,-0.055627962794869916,0.0517427109229218
-0.02058439676332286,0.010119120093790705,-0.0361721518582969
-0.08580819332114208,-0.1234577651520874,-0.030749827905595266
-0.0833078335534855,-0.08263146790649814,-0.04581900565929668
0.04596579213674671,-0.0018543376603519265,-0.0035139684399780003
-0.01876978570874173,-0.06621099019993011,-0.07360077793932075
-0.06300072848098404,-0.12912217937096476,0.03981717745607535
0.281182046254888,0.2806913530983196,0.255929878096016
0.20649195614019764,0.10589480600925573,0.06090745291764256
0.27198985905768347,-0.23380790156475464,0.16171193696770028
0.1403291738364381,0.010625632067591,0.1744112438734604
0.057099853470895766,-0.13204269600584176,-0.044929523294659504
0.09900491607947523,-0.0009742724550653681,0.13822393549093878
0.16707415322610633,0.16722855035377232,0.12365555866776055
0.10237812875705755,0.03932631271345585,0.08272388590820419
0.09731335101532751,0.16926308726062064,-0.07621507718720268
0.17359077041271057,-0.3086141142319707,0.05347328778351974
0.039967007152675975,-0.10260553793456449,-0.04271124934652976
0.2476339885163938,-0.07532808209992237,-0.02333803184833455
0.07016217894881756,-0.11726549961923419,-0.005220553100719197
0.036716096779936105,0.0069843583766988244,-0.05564937912566147
-0.08272810770378627,-0.1026661697749257,-0.06678200500914018
0.14863093846288966,-0.2235219437082268,0.10202408591199275
0.13536239080154144,0.05297223966340061,0.050020442671774294
0.09780827756911649,0.002809497526828542,0.056478255608408315
0.05003318838322847,-0.02117085708821523,0.05100544499812137
0.0523830497794517,0.06689957500122116,-0.0567491767027062
0.020654951931194997,0.043392715746010696,-0.08758436897553824
0.18079999328247914,0.14354083366112055,0.24480036125325355
0.012501501847658237,0.3065314831178747,0.4775494576008766
0.04313472326342017,0.11545678081973682,0.092716067400809
-0.017477739443535513,-0.0869531718349563,0.06361935696327886
-0.016659153534393525,-0.023703900092666326,-0.051166223684502396
0.06561040924658354,0.06436621358840772,0.12352398837362209
0.047233953564322764,-0.004899243768296699,0.023492923206055814
0.0797966504920554,0.07373035010013433,0.08825173013575002
0.003608805202879557,0.005107453137043372,0.013796738198683673
0.12328551321847565,0.08581849212601445,0.16745470150767205
0.14150706572721727,0.038266342174088024,0.02952035224346799
0.04863017624087857,-0.03215625225719679,0.035224876720254
0.06801705317313647,0.05196592986708861,0.022413467922535353
0.06587344639949783,0.1667753395088914,0.12134814875122461
-0.02876480194456257,-0.052755224644389156,-0.02356347894568997
